inverter_sn,date,ac_power,ac_energy_total,ac_energy_today,temperature,dc_1_voltage,dc_1_current,dc_2_voltage,dc_2_current,dc_3_voltage,dc_3_current,dc_4_voltage,dc_4_current,ac_frequency,ac_r_voltage,ac_r_current,ac_s_voltage,ac_s_current,ac_t_voltage,ac_t_current,ac_power_ratio,ac_power_limit_factor,error_description,error_category
123456789B987654,2023-01-04 16:27:52,20,11,1.5,26.1,293.9,0.2,293.8,0.2,0,0,0,0,49.98,226.9,0.7,235.8,0.6,226.4,0.7,110,1,,
123456789B987654,2023-01-04 16:22:52,20,11,1.5,26.1,297.8,0.2,297.8,0.2,0,0,0,0,49.96,231,0.6,235.6,0.7,225.1,0.7,110,1,,
123456789B987654,2023-01-04 16:17:52,40,11,1.5,25.6,301.9,0.3,293.8,0.3,0,0,0,0,49.98,229,0.6,236.4,0.6,226,0.7,110,1,,
123456789B987654,2023-01-04 16:12:52,50,11,1.5,25.2,299.9,0.3,299.7,0.3,0,0,0,0,49.98,230.9,0.7,237.1,0.7,227.6,0.7,110,1,,
123456789B987654,2023-01-04 16:07:52,60,11,1.5,25.4,296.1,0.3,299.9,0.3,0,0,0,0,50.01,227.3,0.7,234.7,0.6,226.2,0.7,110,1,,
123456789B987654,2023-01-04 16:02:52,70,11,1.5,25.8,295.9,0.3,299.8,0.3,0,0,0,0,50.04,231.7,0.6,237.4,0.6,228.1,0.7,110,1,,
123456789B987654,2023-01-04 15:57:52,80,11,1.5,26,296,0.3,295.8,0.3,0,0,0,0,49.99,229.9,0.7,236.2,0.7,227.9,0.7,110,1,,
123456789B987654,2023-01-04 15:52:52,110,11,1.5,26.6,299.7,0.4,303.7,0.3,0,0,0,0,49.99,230.5,0.7,234.2,0.7,224.5,0.7,110,1,,
123456789B987654,2023-01-04 15:47:51,100,11,1.5,26.6,295.7,0.4,291.5,0.4,0,0,0,0,49.98,230.8,0.7,237.5,0.7,227,0.7,110,1,,
123456789B987654,2023-01-04 15:42:52,120,11,1.5,26.4,301.8,0.4,297.7,0.4,0,0,0,0,49.98,227.2,0.7,237.1,0.7,226.9,0.7,110,1,,
123456789B987654,2023-01-04 15:37:52,70,11,1.5,26.1,301.8,0.3,297.8,0.3,0,0,0,0,49.97,230.9,0.7,237.6,0.7,227.2,0.7,110,1,,
123456789B987654,2023-01-04 15:32:51,170,11,1.5,25.6,285.7,0.5,297.8,0.5,0,0,0,0,50.01,232.2,0.7,238.4,0.7,230.8,0.7,110,1,,
123456789B987654,2023-01-04 15:27:52,180,11,1.4,25.7,302.2,0.5,301.8,0.5,0,0,0,0,49.98,232.1,0.7,238.2,0.7,229.7,0.7,110,1,,
123456789B987654,2023-01-04 15:22:51,160,11,1.4,25.7,301.7,0.4,293.8,0.4,0,0,0,0,49.98,232.8,0.7,238.5,0.7,229.3,0.7,110,1,,
123456789B987654,2023-01-04 15:17:51,170,11,1.4,25.7,297.9,0.5,297.9,0.4,0,0,0,0,49.99,232.8,0.7,239.6,0.7,231.9,0.7,110,1,,
123456789B987654,2023-01-04 15:12:51,110,11,1.4,26.8,293.8,0.4,289.9,0.4,0,0,0,0,50.01,231.2,0.7,239.5,0.7,231.1,0.7,110,1,,
123456789B987654,2023-01-04 15:07:51,190,11,1.4,26.1,297.9,0.5,293.8,0.5,0,0,0,0,49.99,228.9,0.7,237.2,0.7,228.2,0.7,110,1,,
123456789B987654,2023-01-04 15:02:51,220,11,1.4,27.1,301.7,0.6,305.7,0.5,0,0,0,0,49.99,229.5,0.7,234.6,0.7,226.4,0.8,110,1,,
123456789B987654,2023-01-04 14:57:51,300,11,1.3,26.2,306.1,0.7,297.8,0.7,0,0,0,0,50.01,231.3,0.8,239.1,0.8,228.7,0.8,110,1,,
123456789B987654,2023-01-04 14:52:51,300,11,1.3,26.2,306,0.7,301.5,0.7,0,0,0,0,49.99,230.1,0.8,238.1,0.7,229.8,0.8,110,1,,
123456789B987654,2023-01-04 14:47:52,310,11,1.3,26,306.3,0.7,305.6,0.7,0,0,0,0,49.98,232.4,0.8,239.3,0.7,229.8,0.8,110,1,,
123456789B987654,2023-01-04 14:42:52,200,11,1.3,26,292,0.5,299.8,0.5,0,0,0,0,49.96,231,0.7,238.1,0.7,230.1,0.7,110,1,,
123456789B987654,2023-01-04 14:37:51,170,11,1.3,25.8,304.2,0.5,291.7,0.5,0,0,0,0,49.98,231.4,0.7,237.1,0.7,226.8,0.7,110,1,,
123456789B987654,2023-01-04 14:32:52,300,11,1.2,26,299.8,0.7,303.7,0.7,0,0,0,0,49.97,230.4,0.8,238.5,0.8,227.7,0.8,110,1,,
123456789B987654,2023-01-04 14:27:52,400,11,1.2,27.2,300,0.9,307.9,0.8,0,0,0,0,49.97,231,0.9,237,0.9,230.3,0.9,110,1,,
123456789B987654,2023-01-04 14:22:51,390,11,1.2,26.9,308,0.8,303.7,0.8,0,0,0,0,49.96,230.1,0.8,237.7,0.8,227.4,0.9,110,1,,
123456789B987654,2023-01-04 14:17:51,300,10,1.1,26,308.1,0.7,303.8,0.7,0,0,0,0,49.97,230.8,0.8,238.8,0.8,228.3,0.8,110,1,,
123456789B987654,2023-01-04 14:12:52,350,10,1.1,25.8,306.2,0.8,293.9,0.8,0,0,0,0,49.98,230.4,0.8,236.6,0.8,227.7,0.8,110,1,,
123456789B987654,2023-01-04 14:07:51,340,10,1.1,25.5,305.8,0.8,298,0.7,0,0,0,0,50,229.6,0.8,236.1,0.8,229.3,0.8,110,1,,
123456789B987654,2023-01-04 14:02:51,260,10,1.1,26.4,301.8,0.6,305.7,0.6,0,0,0,0,49.97,231.1,0.7,237.2,0.7,229,0.8,110,1,,
123456789B987654,2023-01-04 13:57:51,210,10,1,25.8,301.9,0.5,297.8,0.5,0,0,0,0,50,228.7,0.7,237,0.7,229.2,0.8,110,1,,
123456789B987654,2023-01-04 13:52:51,190,10,1,25.6,298,0.5,301.8,0.5,0,0,0,0,50,227.4,0.7,235.9,0.7,227.6,0.8,110,1,,
123456789B987654,2023-01-04 13:47:52,230,10,1,26.6,293.7,0.6,297.9,0.5,0,0,0,0,49.99,230.5,0.7,236.5,0.7,229.2,0.7,110,1,,
123456789B987654,2023-01-04 13:42:51,220,10,1,26.6,297.9,0.6,293.8,0.6,0,0,0,0,49.98,229.7,0.7,237,0.7,226.8,0.8,110,1,,
123456789B987654,2023-01-04 13:37:51,160,10,1,25.4,297.8,0.5,297.9,0.5,0,0,0,0,49.99,227.8,0.7,236,0.7,227.6,0.7,110,1,,
123456789B987654,2023-01-04 13:32:51,210,10,1,26.2,301.9,0.5,301.7,0.5,0,0,0,0,49.98,227.6,0.7,235,0.7,227.1,0.8,110,1,,
123456789B987654,2023-01-04 13:27:51,210,10,0.9,26.4,298,0.6,306,0.5,0,0,0,0,49.98,229.8,0.7,234.1,0.7,227.2,0.7,110,1,,
123456789B987654,2023-01-04 13:22:51,280,10,0.9,26,302,0.7,301.8,0.6,0,0,0,0,49.98,229.1,0.8,233.8,0.8,227.2,0.8,110,1,,
123456789B987654,2023-01-04 13:17:51,190,10,0.9,25.4,302.1,0.5,301.9,0.5,0,0,0,0,49.99,229,0.7,234.9,0.7,227.9,0.7,110,1,,
123456789B987654,2023-01-04 13:12:51,110,10,0.9,26.5,297.9,0.4,305.6,0.4,0,0,0,0,49.99,230,0.7,236.2,0.7,229.9,0.7,110,1,,
123456789B987654,2023-01-04 13:07:51,210,10,0.9,25.8,311.9,0.5,299.7,0.5,0,0,0,0,49.98,229.6,0.8,234,0.7,231,0.8,110,1,,
123456789B987654,2023-01-04 13:02:51,330,10,0.9,25.6,303.9,0.8,299.9,0.7,0,0,0,0,49.94,232.4,0.8,235.5,0.8,231.3,0.8,110,1,,
123456789B987654,2023-01-04 12:57:51,240,10,0.8,26.7,295.7,0.6,307.8,0.5,0,0,0,0,50,227.8,0.8,235,0.8,229.6,0.8,110,1,,
123456789B987654,2023-01-04 12:52:51,280,10,0.8,26.2,299.9,0.7,299.7,0.6,0,0,0,0,49.99,228.3,0.8,233.2,0.8,227.7,0.8,110,1,,
123456789B987654,2023-01-04 12:47:51,290,10,0.8,26,292.2,0.7,303.8,0.6,0,0,0,0,49.99,230.1,0.8,233.9,0.8,228.2,0.8,110,1,,
123456789B987654,2023-01-04 12:42:51,410,10,0.8,26.9,299.9,0.9,307.7,0.8,0,0,0,0,50.01,230.9,0.9,235.4,0.9,230.5,0.9,110,1,,
123456789B987654,2023-01-04 12:37:51,290,10,0.7,26,301.9,0.7,297.1,0.7,0,0,0,0,50,229.2,0.8,235.5,0.8,233.2,0.8,110,1,,
123456789B987654,2023-01-04 12:32:51,280,10,0.7,26.1,297.9,0.7,305.8,0.6,0,0,0,0,49.99,225.3,0.8,233.7,0.8,228,0.8,110,1,,
123456789B987654,2023-01-04 12:27:51,330,10,0.7,25.6,305.8,0.7,302,0.7,0,0,0,0,50.01,226.8,0.8,232.4,0.8,224.6,0.8,110,1,,
123456789B987654,2023-01-04 12:22:51,360,10,0.7,26.3,301.8,0.8,301.7,0.8,0,0,0,0,49.98,225.2,0.9,235.3,0.8,228.1,0.9,110,1,,
123456789B987654,2023-01-04 12:17:51,290,10,0.6,25.8,302,0.7,297.6,0.7,0,0,0,0,49.97,222.9,0.8,233.5,0.8,226,0.8,110,1,,
123456789B987654,2023-01-04 12:12:51,310,10,0.6,25.7,301.9,0.7,305.8,0.7,0,0,0,0,50.01,227.4,0.8,234.6,0.8,229.9,0.8,110,1,,
123456789B987654,2023-01-04 12:07:51,440,10,0.6,27,305.9,0.9,305.7,0.9,0,0,0,0,49.97,226.6,1,236.8,0.9,228.3,1,110,1,,
123456789B987654,2023-01-04 12:02:51,300,10,0.5,25.7,301.6,0.7,297.7,0.7,0,0,0,0,49.96,226.2,0.8,236.2,0.8,228.4,0.8,110,1,,
123456789B987654,2023-01-04 11:57:51,370,10,0.5,26.2,305.8,0.8,305.8,0.8,0,0,0,0,49.98,225.5,0.9,235.4,0.9,226.1,0.9,110,1,,
123456789B987654,2023-01-04 11:52:51,280,10,0.5,25.8,306,0.7,301.6,0.6,0,0,0,0,50.01,225.1,0.8,235,0.7,228.3,0.8,110,1,,
123456789B987654,2023-01-04 11:47:51,310,10,0.5,25.4,302.1,0.7,301.8,0.7,0,0,0,0,49.99,232.3,0.8,237.4,0.8,229.6,0.9,110,1,,
123456789B987654,2023-01-04 11:42:51,320,10,0.4,25.4,301.7,0.7,297.7,0.7,0,0,0,0,49.99,227.9,0.8,237.2,0.8,229.1,0.8,110,1,,
123456789B987654,2023-01-04 11:37:51,340,10,0.4,25.2,303.8,0.8,303.7,0.7,0,0,0,0,49.95,228.7,0.9,236.7,0.8,229.2,0.9,110,1,,
123456789B987654,2023-01-04 11:32:51,320,10,0.4,25.3,304.1,0.7,303.8,0.7,0,0,0,0,49.99,229.5,0.9,237.2,0.8,231.4,0.8,110,1,,
123456789B987654,2023-01-04 11:27:51,400,10,0.3,26.5,307.9,0.9,308.1,0.8,0,0,0,0,49.99,227.9,0.9,236.3,0.8,230.8,0.9,110,1,,
123456789B987654,2023-01-04 11:22:51,370,10,0.3,25.9,303.9,0.8,307.9,0.8,0,0,0,0,50,228.9,0.9,237,0.8,229.8,0.9,110,1,,
123456789B987654,2023-01-04 11:17:51,350,10,0.3,24.9,303.8,0.8,303.8,0.7,0,0,0,0,49.98,233,0.9,237.3,0.9,230.8,0.9,110,1,,
123456789B987654,2023-01-04 11:12:51,490,10,0.2,26,308,1,307.7,1,0,0,0,0,49.99,232.1,1,238.2,0.9,231.2,1,110,1,,
123456789B987654,2023-01-04 11:07:51,370,10,0.2,25.2,305.7,0.8,306,0.8,0,0,0,0,49.97,230.1,0.9,235.8,0.9,228.4,0.9,110,1,,
123456789B987654,2023-01-04 11:02:51,240,10,0.2,25.5,301.7,0.6,306.1,0.6,0,0,0,0,49.97,229.9,0.8,235.7,0.7,230.4,0.8,110,1,,
123456789B987654,2023-01-04 10:57:51,180,10,0.2,24.1,297.9,0.5,297.6,0.5,0,0,0,0,50,226.9,0.8,234.8,0.7,230.1,0.8,110,1,,
123456789B987654,2023-01-04 10:52:51,170,9,0.1,24,297.9,0.5,301.7,0.5,0,0,0,0,50.01,225.6,0.8,234.1,0.7,229.6,0.8,110,1,,
123456789B987654,2023-01-04 10:47:51,140,9,0.1,24.1,298,0.4,297.9,0.4,0,0,0,0,49.99,227.8,0.8,234.1,0.7,230.5,0.8,110,1,,
123456789B987654,2023-01-04 10:42:51,140,9,0.1,24,302,0.4,297.7,0.4,0,0,0,0,50,229.8,0.8,234.9,0.7,229.3,0.8,110,1,,
123456789B987654,2023-01-04 10:37:51,140,9,0.1,23.9,297.8,0.4,297.8,0.4,0,0,0,0,50.01,227,0.8,232.4,0.8,227.1,0.8,110,1,,
123456789B987654,2023-01-04 10:32:51,190,9,0.1,23.8,301.9,0.5,297.7,0.5,0,0,0,0,49.99,227.6,0.8,232,0.8,228.3,0.8,110,1,,
123456789B987654,2023-01-04 10:27:51,130,9,0.1,24,297.7,0.4,301.8,0.4,0,0,0,0,49.99,227.6,0.8,232.9,0.8,227.4,0.8,110,1,,
123456789B987654,2023-01-04 10:22:51,90,9,0.1,24.3,297.6,0.3,301.9,0.3,0,0,0,0,49.99,224.6,0.8,232.6,0.7,228.2,0.8,110,1,,
123456789B987654,2023-01-04 10:17:51,90,9,0.1,24,301.9,0.3,293.8,0.3,0,0,0,0,49.99,227,0.8,234.3,0.7,230.4,0.8,110,1,,
123456789B987654,2023-01-04 10:12:51,80,9,0.1,23.8,294,0.3,297.7,0.3,0,0,0,0,50.02,226.8,0.8,232.7,0.7,229.2,0.8,110,1,,
123456789B987654,2023-01-04 10:07:51,50,9,0.1,23.1,303.9,0.3,303.8,0.2,0,0,0,0,49.99,226.3,0.8,234.3,0.7,227.9,0.8,110,1,,
123456789B987654,2023-01-04 10:02:51,60,9,0,22.8,299.7,0.3,295.7,0.3,0,0,0,0,49.95,227.8,0.8,234,0.8,228.5,0.8,110,1,,
123456789B987654,2023-01-04 09:57:51,40,9,0,23.1,287.7,0.2,291.6,0.2,0,0,0,0,50.02,227.8,0.7,233.9,0.7,228.8,0.7,110,1,,
123456789B987654,2023-01-04 09:52:51,50,9,0,22.5,296,0.3,295.8,0.3,0,0,0,0,50.02,226.8,0.8,231.7,0.8,225.6,0.8,110,1,,
123456789B987654,2023-01-04 09:47:51,40,9,0,22.8,295.8,0.2,287.7,0.2,0,0,0,0,50.01,228.6,0.8,233.4,0.8,229.7,0.8,110,1,,
123456789B987654,2023-01-04 09:42:51,70,9,0,22.7,299.7,0.3,299.9,0.3,0,0,0,0,50.01,230.3,0.7,235.2,0.7,226,0.7,110,1,,
123456789B987654,2023-01-04 09:37:51,60,9,0,21.9,285.7,0.3,293.6,0.3,0,0,0,0,50,229.9,0.7,233.5,0.7,229,0.7,110,1,,
123456789B987654,2023-01-04 09:32:51,20,9,0,22.6,285.8,0.2,297.7,0.2,0,0,0,0,50.01,229.6,0.7,236.3,0.7,228.2,0.7,110,1,,
123456789B987654,2023-01-04 09:27:51,20,9,0,22.1,297.8,0.2,289.9,0.2,0,0,0,0,50.01,232,0.7,237.8,0.7,233.1,0.7,110,1,,
123456789B987654,2023-01-04 09:22:51,20,9,0,21.9,297.8,0.2,299.9,0.2,0,0,0,0,50,228,0.7,235.1,0.7,231.4,0.7,110,1,,
123456789B987654,2023-01-04 09:17:51,20,9,0,21.4,289.5,0.2,295.6,0.2,0,0,0,0,50.01,230.9,0.7,239,0.7,231.6,0.7,110,1,,
123456789B987654,2023-01-04 09:12:51,20,9,0,20.8,285.8,0.2,291.6,0.2,0,0,0,0,50.01,231.4,0.7,238.1,0.7,229.2,0.8,110,1,,
123456789B987654,2023-01-04 09:07:51,20,9,0,20,184.3,0.2,194.3,0.2,0,0,0,0,50,231.8,0,237.6,0.1,230.4,0,110,1,,
123456789B987654,2023-01-04 08:54:23,20,9,0,19.1,287.4,0.2,284.1,0.2,0,0,0,0,50.01,231.8,0,238.1,0.1,232.7,0,110,1,,
123456789B987654,2023-01-03 17:09:46,20,9,2.8,24.5,154.9,0.1,154.8,0.2,0,0,0,0,49.96,225.2,0.7,235.1,0.6,224.3,0.7,110,1,,
123456789B987654,2023-01-03 17:04:46,20,9,2.8,24.7,201,0.1,181.8,0.2,0,0,0,0,50,226.8,0.6,234.6,0.6,226.4,0.7,110,1,,
123456789B987654,2023-01-03 16:59:46,20,9,2.8,24.6,214.9,0.1,216.4,0.2,0,0,0,0,50,227.2,0.7,232.9,0.7,227.3,0.7,110,1,,
123456789B987654,2023-01-03 16:54:46,20,9,2.8,24.6,231.2,0.2,225.6,0.2,0,0,0,0,49.96,223.9,0.6,232.8,0.6,225.8,0.7,110,1,,
123456789B987654,2023-01-03 16:49:46,20,9,2.8,24.5,236.9,0.2,237.8,0.2,0,0,0,0,49.96,222.5,0.6,230.7,0.6,222.8,0.7,110,1,,
123456789B987654,2023-01-03 16:44:46,20,9,2.8,24.7,244.7,0.2,302.8,0.2,0,0,0,0,49.97,225.4,0.7,232.1,0.7,226,0.7,110,1,,
123456789B987654,2023-01-03 16:39:46,20,9,2.8,24.8,304.8,0.2,306,0.2,0,0,0,0,49.97,225.9,0.7,233.8,0.7,226.8,0.7,110,1,,
123456789B987654,2023-01-03 16:34:46,20,9,2.8,25.7,300.9,0.2,306,0.2,0,0,0,0,49.97,230,0.6,236.6,0.6,226.3,0.7,110,1,,
123456789B987654,2023-01-03 16:29:46,30,9,2.8,25.8,304.7,0.2,305.6,0.2,0,0,0,0,49.99,229.6,0.7,238.1,0.7,229.1,0.7,110,1,,
123456789B987654,2023-01-03 16:24:46,60,9,2.8,25,296.8,0.3,309.5,0.3,0,0,0,0,49.97,229.3,0.7,238.3,0.7,228.7,0.7,110,1,,
123456789B987654,2023-01-03 16:19:46,90,9,2.8,26,288.9,0.3,309.7,0.3,0,0,0,0,49.97,230.9,0.7,237.7,0.7,228.8,0.7,110,1,,
123456789B987654,2023-01-03 16:14:46,100,9,2.8,26.2,305.3,0.4,309.6,0.3,0,0,0,0,49.97,231.2,0.7,239.5,0.7,231.1,0.7,110,1,,
123456789B987654,2023-01-03 16:09:46,110,9,2.8,26.2,301,0.4,305.6,0.4,0,0,0,0,49.98,228.9,0.7,238.3,0.7,228.8,0.7,110,1,,
123456789B987654,2023-01-03 16:04:46,130,9,2.8,26,308.8,0.4,305.6,0.4,0,0,0,0,49.99,230.5,0.7,236.4,0.7,227.9,0.7,110,1,,
123456789B987654,2023-01-03 15:59:46,140,9,2.7,25.4,304.9,0.4,305.5,0.4,0,0,0,0,49.98,226.2,0.7,235.8,0.7,226.4,0.7,110,1,,
123456789B987654,2023-01-03 15:54:46,130,9,2.7,25.9,310.9,0.4,307.6,0.4,0,0,0,0,49.98,227.8,0.7,236.7,0.7,226.3,0.7,110,1,,
123456789B987654,2023-01-03 15:49:46,140,9,2.7,25.5,290.8,0.4,307.6,0.4,0,0,0,0,50.01,228.7,0.7,237.8,0.7,228.3,0.7,110,1,,
123456789B987654,2023-01-03 15:44:46,140,9,2.7,25.6,302.8,0.4,307.6,0.4,0,0,0,0,49.96,229.4,0.7,237.7,0.6,228.4,0.7,110,1,,
123456789B987654,2023-01-03 15:39:46,120,9,2.7,26.2,306.9,0.4,315.4,0.4,0,0,0,0,49.96,227.5,0.7,236.8,0.7,228.4,0.7,110,1,,
123456789B987654,2023-01-03 15:34:46,170,9,2.7,25.8,310.8,0.5,311.2,0.5,0,0,0,0,49.97,229,0.7,237.5,0.7,229.1,0.7,110,1,,
123456789B987654,2023-01-03 15:29:46,220,9,2.7,26.6,307,0.6,307.5,0.5,0,0,0,0,49.98,230.2,0.7,237.4,0.7,228.8,0.7,110,1,,
123456789B987654,2023-01-03 15:24:45,260,9,2.7,27.2,313,0.6,309.6,0.6,0,0,0,0,49.97,231.2,0.8,238.9,0.7,228.4,0.8,110,1,,
123456789B987654,2023-01-03 15:19:46,340,9,2.6,26.2,312.9,0.8,313.5,0.7,0,0,0,0,50,230,0.8,239.3,0.8,232.4,0.8,110,1,,
123456789B987654,2023-01-03 15:14:45,430,9,2.6,27.8,309,0.9,313.5,0.9,0,0,0,0,49.98,231.3,0.9,239.7,0.9,232,0.9,110,1,,
123456789B987654,2023-01-03 15:09:45,530,9,2.6,27,312.8,1,305.8,1,0,0,0,0,49.98,231.1,1,239.1,1,232.1,1,110,1,,
123456789B987654,2023-01-03 15:04:46,540,9,2.5,26.6,317,1.1,313.6,1.1,0,0,0,0,49.98,230.6,1,239.2,1,231.4,1,110,1,,
123456789B987654,2023-01-03 14:59:45,570,9,2.5,26.6,309.1,1.1,313.9,1.1,0,0,0,0,50.02,232.7,1,241.1,1,233.6,1,110,1,,
123456789B987654,2023-01-03 14:54:46,540,9,2.4,26.5,304.9,1.1,309.6,1.1,0,0,0,0,49.97,231.9,1,239.1,1,232.1,1,110,1,,
123456789B987654,2023-01-03 14:49:46,570,9,2.4,26.7,313.1,1.1,313.6,1.1,0,0,0,0,49.96,232.4,1,238.1,1,232,1,110,1,,
123456789B987654,2023-01-03 14:44:45,550,9,2.3,26.6,309.1,1.1,309.7,1.1,0,0,0,0,49.96,231.3,1,240.2,1,230.9,1,110,1,,
123456789B987654,2023-01-03 14:39:46,370,9,2.3,27.2,308.9,0.8,305.7,0.8,0,0,0,0,49.96,232.2,0.8,239.3,0.8,230.3,0.9,110,1,,
123456789B987654,2023-01-03 14:34:45,550,9,2.3,26.8,305,1.1,309.6,1.1,0,0,0,0,49.98,230.6,1,238.1,1,231.2,1,110,1,,
123456789B987654,2023-01-03 14:29:45,570,9,2.2,26.8,312.8,1.1,317.6,1.1,0,0,0,0,49.97,229.7,1.1,236.5,1,229.7,1.1,110,1,,
123456789B987654,2023-01-03 14:24:46,500,9,2.2,27.5,307.2,1,311.6,1,0,0,0,0,49.97,229.1,1,237.5,0.9,231.2,1,110,1,,
123456789B987654,2023-01-03 14:19:45,650,9,2.1,27.9,315.1,1.2,315.5,1.2,0,0,0,0,50,232.2,1.2,239.1,1.1,230.1,1.1,110,1,,
123456789B987654,2023-01-03 14:14:45,560,9,2.1,26.6,314.8,1.1,315.6,1.1,0,0,0,0,49.97,230.8,1,236,1,229,1,110,1,,
123456789B987654,2023-01-03 14:09:46,510,9,2,27.2,311.2,1,303.6,1,0,0,0,0,49.97,231.7,1,238.2,0.9,227.2,1,110,1,,
123456789B987654,2023-01-03 14:04:45,560,9,2,26.8,311,1.1,311.7,1.1,0,0,0,0,49.99,229.8,1.1,238.7,1,228.7,1.1,110,1,,
123456789B987654,2023-01-03 13:59:45,590,8,1.9,27.2,307.3,1.2,311.8,1.1,0,0,0,0,49.98,230.9,1.1,238.2,1,228.8,1.1,110,1,,
123456789B987654,2023-01-03 13:54:46,670,8,1.9,28.3,313.3,1.3,309.6,1.3,0,0,0,0,50.01,230.6,1.2,239.5,1.1,229,1.2,110,1,,
123456789B987654,2023-01-03 13:49:45,820,8,1.8,27,313.5,1.5,322.2,1.5,0,0,0,0,50.01,229.8,1.3,238,1.3,227.7,1.3,110,1,,
123456789B987654,2023-01-03 13:44:46,930,8,1.7,26.8,325.2,1.7,317.7,1.7,0,0,0,0,49.99,232.6,1.4,238.4,1.4,230.7,1.5,110,1,,
123456789B987654,2023-01-03 13:39:46,850,8,1.7,26.5,313.2,1.6,313.5,1.6,0,0,0,0,49.98,233.2,1.3,242.2,1.3,232.8,1.3,110,1,,
123456789B987654,2023-01-03 13:34:45,670,8,1.6,27.2,317.2,1.3,313.5,1.3,0,0,0,0,49.99,230.3,1.1,241.2,1.1,229.6,1.1,110,1,,
123456789B987654,2023-01-03 13:29:46,360,8,1.6,25.8,301.1,0.8,305.6,0.8,0,0,0,0,49.98,231.1,0.8,239.5,0.8,231.6,0.9,110,1,,
123456789B987654,2023-01-03 13:24:46,330,8,1.5,25.6,301,0.7,301.3,0.7,0,0,0,0,50,229.1,0.8,238.7,0.8,230.1,0.8,110,1,,
123456789B987654,2023-01-03 13:19:45,220,8,1.5,26.2,301,0.6,297.8,0.5,0,0,0,0,49.97,228.3,0.8,239.1,0.7,231.4,0.8,110,1,,
123456789B987654,2023-01-03 13:14:45,160,8,1.5,25.6,308.9,0.4,305.3,0.4,0,0,0,0,49.97,228.7,0.8,237.3,0.7,231.3,0.8,110,1,,
123456789B987654,2023-01-03 13:09:45,210,8,1.5,26,312.8,0.5,305.6,0.5,0,0,0,0,49.97,228.3,0.8,236.4,0.8,231.2,0.8,110,1,,
123456789B987654,2023-01-03 13:04:45,270,8,1.5,26.8,308.8,0.6,305.6,0.6,0,0,0,0,49.96,228.3,0.8,238.8,0.7,232,0.8,110,1,,
123456789B987654,2023-01-03 12:59:45,410,8,1.4,27.2,313.1,0.9,313.6,0.8,0,0,0,0,50.01,227.2,0.9,234.3,0.9,228.7,0.9,110,1,,
123456789B987654,2023-01-03 12:54:45,370,8,1.4,26.2,312.7,0.8,297.7,0.8,0,0,0,0,50.01,229.1,0.9,234.7,0.9,227.6,0.9,110,1,,
123456789B987654,2023-01-03 12:49:45,250,8,1.4,27.1,310.8,0.6,305.5,0.6,0,0,0,0,49.98,228.7,0.8,234.4,0.8,227.4,0.8,110,1,,
123456789B987654,2023-01-03 12:44:45,360,8,1.3,26.4,306.9,0.8,309.5,0.8,0,0,0,0,49.98,228.5,0.8,234,0.8,230,0.8,110,1,,
123456789B987654,2023-01-03 12:39:45,520,8,1.3,27,310.9,1,313.6,1,0,0,0,0,49.99,227.2,1.1,234.8,1,231.5,1,110,1,,
123456789B987654,2023-01-03 12:34:45,690,8,1.3,28.1,303.1,1.3,313.3,1.3,0,0,0,0,49.97,228.5,1.2,236.8,1.2,231.4,1.2,110,1,,
123456789B987654,2023-01-03 12:29:45,630,8,1.2,27.7,315.4,1.2,305.6,1.2,0,0,0,0,50,226.1,1.2,237,1.1,229.5,1.1,110,1,,
123456789B987654,2023-01-03 12:24:45,660,8,1.1,27.9,315.3,1.3,313.6,1.2,0,0,0,0,49.99,228,1.2,236.8,1.1,230.5,1.2,110,1,,
123456789B987654,2023-01-03 12:19:45,590,8,1.1,27,309.1,1.2,315.5,1.1,0,0,0,0,49.97,229,1.1,236.6,1.1,227.9,1.1,110,1,,
123456789B987654,2023-01-03 12:14:45,600,8,1,27.2,309.2,1.2,316,1.1,0,0,0,0,49.97,230.4,1.1,236.1,1.1,228.1,1.1,110,1,,
123456789B987654,2023-01-03 12:09:45,720,8,1,28,312.9,1.4,311.5,1.3,0,0,0,0,49.98,234.4,1.2,238.1,1.2,231.7,1.2,110,1,,
123456789B987654,2023-01-03 12:04:45,730,7,0.9,27.8,313.1,1.4,315.6,1.3,0,0,0,0,49.95,233.6,1.2,236.4,1.2,230.5,1.3,110,1,,
123456789B987654,2023-01-03 11:59:45,590,7,0.9,26.6,313.2,1.2,312,1.1,0,0,0,0,49.98,230.6,1.1,234.2,1.1,230.5,1.1,110,1,,
123456789B987654,2023-01-03 11:54:45,650,7,0.8,27,313,1.3,311.7,1.2,0,0,0,0,50,231.1,1.2,236.8,1.2,232.2,1.2,110,1,,
123456789B987654,2023-01-03 11:49:45,490,7,0.8,26.8,309.5,1,309.3,1,0,0,0,0,49.99,232.7,1,237.9,1,230.8,1,110,1,,
123456789B987654,2023-01-03 11:44:45,680,7,0.7,27.3,309.1,1.3,309.5,1.3,0,0,0,0,50,230.9,1.2,238.9,1.1,232.7,1.2,110,1,,
123456789B987654,2023-01-03 11:39:45,530,7,0.7,26.1,313.1,1,309.7,1,0,0,0,0,49.99,231.1,1.1,239.3,1,231.5,1.1,110,1,,
123456789B987654,2023-01-03 11:34:45,490,7,0.6,26.4,312.9,1,305.7,1,0,0,0,0,49.98,229.2,1,238.4,1,230.1,1,110,1,,
123456789B987654,2023-01-03 11:29:45,460,7,0.6,26.7,308.7,1,309.5,0.9,0,0,0,0,49.98,229.2,1,239.3,1,231.6,1,110,1,,
123456789B987654,2023-01-03 11:24:45,410,7,0.6,26.6,305.1,0.9,309.8,0.8,0,0,0,0,49.98,229.9,1,238.9,0.9,230.8,1,110,1,,
123456789B987654,2023-01-03 11:19:45,390,7,0.5,26.2,310.9,0.8,305.6,0.8,0,0,0,0,49.99,230.6,0.9,240.4,0.8,231.1,0.9,110,1,,
123456789B987654,2023-01-03 11:14:45,390,7,0.5,26,310.9,0.8,313.8,0.8,0,0,0,0,49.98,230.9,0.9,238.8,0.9,230.9,0.9,110,1,,
123456789B987654,2023-01-03 11:09:45,420,7,0.5,26.3,306.9,0.9,309.6,0.9,0,0,0,0,49.99,230.3,1,237.3,0.9,230.4,1,110,1,,
123456789B987654,2023-01-03 11:04:45,320,7,0.4,25,315,0.7,301.7,0.7,0,0,0,0,49.94,230.7,0.9,238.2,0.8,230.3,0.9,110,1,,
123456789B987654,2023-01-03 10:59:45,310,7,0.4,25.2,307.2,0.7,301.7,0.7,0,0,0,0,49.97,229.2,0.9,238.2,0.8,233.3,0.9,110,1,,
123456789B987654,2023-01-03 10:54:45,400,7,0.4,25.8,314.9,0.8,305.7,0.8,0,0,0,0,50,232.5,0.9,238.3,0.9,232,0.9,110,1,,
123456789B987654,2023-01-03 10:49:45,310,7,0.3,25,316.8,0.7,307.6,0.7,0,0,0,0,49.99,232.6,0.9,238,0.9,228.1,0.9,110,1,,
123456789B987654,2023-01-03 10:44:45,410,7,0.3,25.8,305.2,0.9,307.5,0.8,0,0,0,0,49.97,233.8,0.9,239,0.9,229.3,1,110,1,,
123456789B987654,2023-01-03 10:39:45,320,7,0.3,24.5,305,0.7,307.5,0.7,0,0,0,0,49.98,232.3,0.8,238.1,0.8,228.9,0.9,110,1,,
123456789B987654,2023-01-03 10:34:45,250,7,0.2,25.6,309.1,0.6,295.8,0.6,0,0,0,0,50,229.4,0.8,239,0.8,229.1,0.9,110,1,,
123456789B987654,2023-01-03 10:29:45,300,7,0.2,24.7,308.8,0.7,307.7,0.7,0,0,0,0,49.99,229.4,0.8,238.2,0.8,232.4,0.8,110,1,,
123456789B987654,2023-01-03 10:24:45,280,7,0.2,25,309.1,0.6,303.6,0.6,0,0,0,0,49.99,232.1,0.9,239.2,0.8,232.9,0.9,110,1,,
123456789B987654,2023-01-03 10:19:45,180,7,0.2,24,309.1,0.5,305.6,0.5,0,0,0,0,49.99,228.3,0.8,237.6,0.8,229.4,0.8,110,1,,
123456789B987654,2023-01-03 10:14:45,210,7,0.2,24.4,305.1,0.5,313.6,0.5,0,0,0,0,49.99,229.1,0.8,237.1,0.8,228.9,0.8,110,1,,
123456789B987654,2023-01-03 10:09:45,220,7,0.1,24.3,313.1,0.5,305.5,0.5,0,0,0,0,49.98,229,0.8,237.4,0.8,229.1,0.8,110,1,,
123456789B987654,2023-01-03 10:04:45,220,7,0.1,24.5,309,0.6,305.2,0.5,0,0,0,0,49.93,227.2,0.8,235.6,0.8,227.8,0.8,110,1,,
123456789B987654,2023-01-03 09:59:45,180,7,0.1,23.5,313.1,0.5,309.5,0.5,0,0,0,0,49.99,228.5,0.8,234.5,0.8,230.5,0.8,110,1,,
123456789B987654,2023-01-03 09:54:45,120,7,0.1,24.5,301.1,0.4,297.5,0.4,0,0,0,0,50,228.5,0.8,235.2,0.8,229.4,0.8,110,1,,
123456789B987654,2023-01-03 09:49:45,220,7,0.1,23.7,303.1,0.6,313.6,0.5,0,0,0,0,49.98,233,0.8,240.8,0.8,231.4,0.8,110,1,,
123456789B987654,2023-01-03 09:44:45,160,7,0.1,23.1,311.1,0.4,305.6,0.4,0,0,0,0,49.98,232.4,0.8,239.7,0.8,230.8,0.8,110,1,,
123456789B987654,2023-01-03 09:39:45,270,7,0,23.7,302.9,0.6,305.4,0.6,0,0,0,0,49.99,233.2,0.9,238,0.8,231.1,0.9,110,1,,
123456789B987654,2023-01-03 09:34:45,150,7,0,22.7,307.2,0.4,305.7,0.4,0,0,0,0,49.97,232.9,0.8,238.9,0.8,231.4,0.8,110,1,,
123456789B987654,2023-01-03 09:29:45,170,7,0,22.2,314.8,0.5,309.4,0.5,0,0,0,0,49.98,231.9,0.7,237.7,0.7,230.3,0.7,110,1,,
123456789B987654,2023-01-03 09:24:45,90,7,0,22.9,311.4,0.3,309.6,0.3,0,0,0,0,49.99,231.4,0.8,239.9,0.8,230.7,0.8,110,1,,
123456789B987654,2023-01-03 09:19:45,100,7,0,22.4,305.2,0.3,303.7,0.3,0,0,0,0,49.98,226.8,0.7,237.4,0.7,228.3,0.7,110,1,,
123456789B987654,2023-01-03 09:14:45,60,7,0,21.5,309,0.3,299.6,0.3,0,0,0,0,49.99,229.2,0.7,236.5,0.7,228.9,0.8,110,1,,
123456789B987654,2023-01-03 09:09:45,50,7,0,21.2,292.9,0.3,299.7,0.3,0,0,0,0,49.96,231.7,0.7,237.2,0.7,232.7,0.7,110,1,,
123456789B987654,2023-01-03 09:04:45,30,7,0,21.6,300.9,0.2,295.7,0.2,0,0,0,0,50.01,231.1,0.7,237,0.7,232.7,0.7,110,1,,
123456789B987654,2023-01-03 08:59:45,20,7,0,21.1,297.2,0.2,307.7,0.2,0,0,0,0,50.01,231.6,0.7,238,0.7,232.6,0.7,110,1,,
123456789B987654,2023-01-03 08:54:45,20,7,0,20.4,264.9,0.2,283.5,0.2,0,0,0,0,50,227.4,0.7,238.1,0.7,233,0.7,110,1,,
123456789B987654,2023-01-03 08:49:45,20,7,0,19.4,242.7,0.2,255.6,0.2,0,0,0,0,49.97,229.7,0,236.7,0.1,231.8,0,110,1,,
123456789B987654,2023-01-02 17:16:40,20,7,2.8,25.3,155.1,0.1,143.2,0.1,0,0,0,0,49.98,225.3,0.7,232.9,0.7,225.1,0.7,110,1,,
123456789B987654,2023-01-02 17:11:40,20,7,2.8,25.4,181.3,0.1,180,0.2,0,0,0,0,49.98,224.7,0.7,232,0.7,225.6,0.7,110,1,,
123456789B987654,2023-01-02 17:06:40,20,7,2.8,25.5,213.4,0.1,249.6,0.2,0,0,0,0,49.99,223.7,0.7,232.7,0.6,225.7,0.7,110,1,,
123456789B987654,2023-01-02 17:01:40,20,7,2.8,25.3,221,0.1,220.7,0.2,0,0,0,0,50,226.7,0.7,231.9,0.7,226.1,0.7,110,1,,
123456789B987654,2023-01-02 16:56:40,20,7,2.8,25.2,232.9,0.2,233.4,0.2,0,0,0,0,49.97,226.9,0.7,229.8,0.7,227.4,0.7,110,1,,
123456789B987654,2023-01-02 16:51:40,20,7,2.8,25.2,238.5,0.2,239.1,0.2,0,0,0,0,49.96,227.8,0.7,231.1,0.7,229.3,0.7,110,1,,
123456789B987654,2023-01-02 16:46:40,20,7,2.8,25.3,294.4,0.2,305.9,0.2,0,0,0,0,49.98,223.9,0.7,229.9,0.7,222.8,0.7,110,1,,
123456789B987654,2023-01-02 16:41:40,20,7,2.8,25.7,298.3,0.2,296.8,0.2,0,0,0,0,49.97,225.2,0.7,232.6,0.7,224.2,0.7,110,1,,
123456789B987654,2023-01-02 16:36:40,20,7,2.8,26.4,298.4,0.2,300.8,0.2,0,0,0,0,49.98,227.7,0.7,232.8,0.7,229.3,0.7,110,1,,
123456789B987654,2023-01-02 16:31:40,20,7,2.8,26.6,298.5,0.2,298.8,0.2,0,0,0,0,49.99,226.9,0.7,234.3,0.7,227.2,0.7,110,1,,
123456789B987654,2023-01-02 16:26:40,20,7,2.8,26.6,290.7,0.2,303,0.2,0,0,0,0,49.96,228.4,0.7,234.3,0.7,228.8,0.7,110,1,,
123456789B987654,2023-01-02 16:21:40,30,7,2.8,26.4,306.5,0.2,302.8,0.2,0,0,0,0,49.97,228.7,0.7,235,0.7,228.6,0.7,110,1,,
123456789B987654,2023-01-02 16:16:40,40,7,2.8,25.9,310.2,0.3,302.8,0.3,0,0,0,0,49.99,227.4,0.7,234.9,0.7,230.2,0.7,110,1,,
123456789B987654,2023-01-02 16:11:40,70,7,2.8,26.2,302.3,0.3,298.8,0.3,0,0,0,0,49.97,228.2,0.7,233.8,0.7,228.2,0.7,110,1,,
123456789B987654,2023-01-02 16:06:40,90,6,2.7,26.8,298.6,0.4,302.9,0.3,0,0,0,0,50,227,0.7,234.5,0.7,227.9,0.7,110,1,,
123456789B987654,2023-01-02 16:01:40,20,6,2.7,26.9,304.5,0.2,300.9,0.2,0,0,0,0,50.02,228.3,0.7,235.5,0.7,229,0.7,110,1,,
123456789B987654,2023-01-02 15:56:40,60,6,2.7,26.3,300.2,0.3,304.7,0.3,0,0,0,0,49.99,228.7,0.7,236.3,0.7,228.8,0.7,110,1,,
123456789B987654,2023-01-02 15:51:40,150,6,2.7,26.1,304.5,0.4,292.8,0.4,0,0,0,0,49.98,230,0.8,237,0.7,229,0.8,110,1,,
123456789B987654,2023-01-02 15:46:40,200,6,2.7,26.4,304.3,0.5,301.1,0.5,0,0,0,0,49.98,230.3,0.7,237.6,0.7,229.7,0.7,110,1,,
123456789B987654,2023-01-02 15:41:40,110,6,2.7,27.2,300.3,0.4,301,0.4,0,0,0,0,49.97,229.4,0.7,237.6,0.7,228.9,0.7,110,1,,
123456789B987654,2023-01-02 15:36:40,110,6,2.7,27.2,300.4,0.4,304.8,0.4,0,0,0,0,49.96,229.8,0.7,234.9,0.7,228.5,0.8,110,1,,
123456789B987654,2023-01-02 15:31:40,110,6,2.7,26.7,335.8,0.3,290.7,0.5,0,0,0,0,49.97,230.5,0.8,235.1,0.8,229.4,0.8,110,1,,
123456789B987654,2023-01-02 15:26:40,240,6,2.7,27.5,302.3,0.6,313,0.5,0,0,0,0,49.97,232.1,0.8,234.6,0.8,229.8,0.8,110,1,,
123456789B987654,2023-01-02 15:21:40,250,6,2.6,27.5,302.5,0.6,304.9,0.6,0,0,0,0,49.97,231.6,0.8,236,0.8,231.3,0.8,110,1,,
123456789B987654,2023-01-02 15:16:40,250,6,2.6,27.5,306.2,0.6,304.9,0.6,0,0,0,0,49.97,229.4,0.8,235.4,0.8,227.9,0.9,110,1,,
123456789B987654,2023-01-02 15:11:40,250,6,2.6,27.5,302.4,0.6,309,0.6,0,0,0,0,49.96,227.5,0.8,237.1,0.7,231.1,0.8,110,1,,
123456789B987654,2023-01-02 15:06:40,290,6,2.6,27,302.4,0.7,304.6,0.6,0,0,0,0,49.96,228.3,0.9,237.1,0.8,229.4,0.9,110,1,,
123456789B987654,2023-01-02 15:01:40,340,6,2.5,26.4,298.2,0.8,316.9,0.7,0,0,0,0,49.95,229.5,0.9,237.2,0.9,230.6,0.9,110,1,,
123456789B987654,2023-01-02 14:56:40,370,6,2.5,26.7,306.5,0.8,298.8,0.8,0,0,0,0,49.98,228.4,0.9,238.2,0.8,228.9,0.9,110,1,,
123456789B987654,2023-01-02 14:51:40,310,6,2.5,26.8,306.1,0.7,306.9,0.7,0,0,0,0,49.98,227.2,0.8,238.2,0.8,230.3,0.8,110,1,,
123456789B987654,2023-01-02 14:46:40,640,6,2.5,27.8,306.2,1.3,311.1,1.2,0,0,0,0,49.97,229.1,1.2,239.9,1.1,231,1.1,110,1,,
123456789B987654,2023-01-02 14:41:40,320,6,2.4,26.4,302.6,0.7,302.9,0.7,0,0,0,0,49.96,230.3,0.9,237.5,0.8,230.9,0.9,110,1,,
123456789B987654,2023-01-02 14:36:40,240,6,2.4,27.7,302.2,0.6,306.8,0.6,0,0,0,0,49.97,231,0.8,237.9,0.8,229.5,0.8,110,1,,
123456789B987654,2023-01-02 14:31:40,440,6,2.4,28.1,314.2,0.9,311,0.9,0,0,0,0,49.97,228.7,1,238.4,1,229.7,1,110,1,,
123456789B987654,2023-01-02 14:26:40,490,6,2.3,27.7,312.3,1,304.8,1,0,0,0,0,49.96,231.3,1,239.1,1,231.2,1,110,1,,
123456789B987654,2023-01-02 14:21:40,390,6,2.3,27.5,308.5,0.8,296.8,0.8,0,0,0,0,49.97,229.7,0.9,238.8,0.9,231.7,0.9,110,1,,
123456789B987654,2023-01-02 14:16:40,360,6,2.3,26.4,304.4,0.8,309.1,0.7,0,0,0,0,50,229.1,0.9,238,0.9,230.6,0.9,110,1,,
123456789B987654,2023-01-02 14:11:40,250,6,2.2,27.5,308.4,0.6,304.5,0.6,0,0,0,0,49.97,229.9,0.8,236,0.8,229.9,0.8,110,1,,
123456789B987654,2023-01-02 14:06:40,220,6,2.2,27.3,304.5,0.6,305.7,0.5,0,0,0,0,49.97,230,0.8,236.5,0.8,227.8,0.8,110,1,,
123456789B987654,2023-01-02 14:01:40,260,6,2.2,27.8,312.4,0.6,305.8,0.6,0,0,0,0,50.01,229.6,0.8,236.1,0.8,229.6,0.8,110,1,,
123456789B987654,2023-01-02 13:56:40,270,6,2.2,27.5,302.3,0.6,309.9,0.6,0,0,0,0,50,232.3,0.8,237.1,0.8,227.8,0.9,110,1,,
123456789B987654,2023-01-02 13:51:40,330,6,2.1,26.8,306.3,0.7,303.8,0.7,0,0,0,0,50,228.5,0.9,234.8,0.9,226.2,0.9,110,1,,
123456789B987654,2023-01-02 13:46:40,380,6,2.1,27.5,310.5,0.8,303.5,0.8,0,0,0,0,49.99,230.1,0.9,235.5,0.9,230.8,0.9,110,1,,
123456789B987654,2023-01-02 13:41:40,370,6,2.1,27.5,306.1,0.8,307.5,0.8,0,0,0,0,49.96,231.4,0.9,235,0.9,231.1,0.9,110,1,,
123456789B987654,2023-01-02 13:36:40,330,6,2.1,27,310.3,0.7,299.1,0.7,0,0,0,0,49.96,229.1,0.9,234.7,0.9,230.8,0.9,110,1,,
123456789B987654,2023-01-02 13:31:40,410,6,2,28.3,314.2,0.8,310.7,0.8,0,0,0,0,49.98,229.4,0.9,234.1,0.9,229.7,1,110,1,,
123456789B987654,2023-01-02 13:26:40,440,6,2,28.5,298.2,0.9,301.5,0.9,0,0,0,0,50,230.4,1,235.6,1,230.5,1,110,1,,
123456789B987654,2023-01-02 13:21:40,370,6,2,28.2,298.5,0.8,296.9,0.8,0,0,0,0,49.98,227.6,0.9,232.7,0.9,228.7,0.9,110,1,,
123456789B987654,2023-01-02 13:16:40,520,6,1.9,27.8,310.5,1,305.3,1,0,0,0,0,49.98,228.8,1,237,1,230,1.1,110,1,,
123456789B987654,2023-01-02 13:11:40,420,6,1.9,28.7,310.2,0.9,308.6,0.9,0,0,0,0,49.98,228.6,0.9,235.9,0.9,230.7,0.9,110,1,,
123456789B987654,2023-01-02 13:06:40,510,6,1.8,28,306.4,1,305.2,1,0,0,0,0,49.98,228.2,1,236.5,1,230.2,1,110,1,,
123456789B987654,2023-01-02 13:01:40,560,6,1.8,27.8,302.2,1.1,304.9,1.1,0,0,0,0,49.96,228.1,1.1,234.5,1.1,228.1,1.1,110,1,,
123456789B987654,2023-01-02 12:56:40,570,5,1.7,27.9,308.3,1.1,311,1.1,0,0,0,0,50,225.9,1.1,234.5,1.1,229.6,1.1,110,1,,
123456789B987654,2023-01-02 12:51:40,640,5,1.7,28.9,308.1,1.2,307.3,1.2,0,0,0,0,49.99,225.9,1.2,233.8,1.1,229.8,1.2,110,1,,
123456789B987654,2023-01-02 12:46:40,510,5,1.6,28.2,304.3,1,310.5,1,0,0,0,0,49.97,230.5,1,238.2,1,232.1,1,110,1,,
123456789B987654,2023-01-02 12:41:40,600,5,1.6,28,308.3,1.2,310.6,1.2,0,0,0,0,49.97,230.9,1.1,238.2,1.1,232.4,1.1,110,1,,
123456789B987654,2023-01-02 12:36:40,510,5,1.6,28.3,308.6,1,303.3,1,0,0,0,0,49.97,231.1,1,237.1,1,232.4,1,110,1,,
123456789B987654,2023-01-02 12:31:40,480,5,1.5,28.7,304.3,1,295.3,1,0,0,0,0,49.97,229.3,1,239.1,1,231.6,1,110,1,,
123456789B987654,2023-01-02 12:26:40,630,5,1.5,28.7,302.7,1.2,310.5,1.2,0,0,0,0,49.97,231.9,1.1,239.2,1.1,230.5,1.2,110,1,,
123456789B987654,2023-01-02 12:21:40,670,5,1.4,29.3,310.3,1.3,311.4,1.2,0,0,0,0,50,229,1.2,235.9,1.2,230,1.2,110,1,,
123456789B987654,2023-01-02 12:16:40,740,5,1.4,29.4,314.4,1.4,310.6,1.4,0,0,0,0,49.99,231.6,1.3,239.2,1.2,230.9,1.3,110,1,,
123456789B987654,2023-01-02 12:11:40,800,5,1.3,28.1,310.4,1.5,311.1,1.5,0,0,0,0,49.99,231.5,1.3,239.6,1.3,229.3,1.3,110,1,,
123456789B987654,2023-01-02 12:06:40,740,5,1.2,29.1,318.4,1.4,310.7,1.4,0,0,0,0,49.97,231.4,1.3,236.5,1.2,229.8,1.3,110,1,,
123456789B987654,2023-01-02 12:01:40,680,5,1.2,29,310.4,1.3,309.9,1.3,0,0,0,0,49.95,230.4,1.2,234.6,1.2,231.7,1.2,110,1,,
123456789B987654,2023-01-02 11:56:40,630,5,1.1,28.5,310.2,1.2,312.4,1.2,0,0,0,0,49.98,228.7,1.2,236,1.1,230.5,1.2,110,1,,
123456789B987654,2023-01-02 11:51:40,690,5,1.1,28.9,306.4,1.3,304.1,1.3,0,0,0,0,49.98,230.6,1.2,237.6,1.2,228.7,1.2,110,1,,
123456789B987654,2023-01-02 11:46:40,700,5,1,28.9,306.3,1.3,305.4,1.3,0,0,0,0,49.96,230.4,1.2,236.4,1.2,227.9,1.2,110,1,,
123456789B987654,2023-01-02 11:41:40,710,5,0.9,28.9,310.5,1.4,309.3,1.3,0,0,0,0,49.97,230.2,1.3,236.8,1.2,228.2,1.3,110,1,,
123456789B987654,2023-01-02 11:36:40,770,5,0.9,27.7,314.3,1.4,312.6,1.4,0,0,0,0,49.99,230.3,1.3,237.4,1.3,228.7,1.3,110,1,,
123456789B987654,2023-01-02 11:31:40,540,5,0.8,26.9,306.4,1.1,304.8,1.1,0,0,0,0,49.99,228.1,1.1,237.1,1.1,228.5,1.1,110,1,,
123456789B987654,2023-01-02 11:26:40,410,5,0.8,28.1,304.4,0.9,311.1,0.8,0,0,0,0,49.99,227.3,1,237.1,0.9,229.9,1,110,1,,
123456789B987654,2023-01-02 11:21:40,430,5,0.8,28.3,308.7,0.9,303.2,0.9,0,0,0,0,49.99,229.5,0.9,235.3,0.9,228.9,0.9,110,1,,
123456789B987654,2023-01-02 11:16:40,480,4,0.7,28,300.3,1,295.1,1,0,0,0,0,50,230.6,1,232.9,1,230.2,1,110,1,,
123456789B987654,2023-01-02 11:11:40,570,4,0.7,27.2,312.6,1.1,314.8,1.1,0,0,0,0,49.99,231.7,1.1,236.7,1.1,229.7,1.1,110,1,,
123456789B987654,2023-01-02 11:06:40,850,4,0.6,27.5,312.2,1.6,318.3,1.5,0,0,0,0,49.98,232.3,1.4,238.1,1.4,229.3,1.4,110,1,,
123456789B987654,2023-01-02 11:01:40,1000,4,0.5,27.2,312.3,1.8,314.3,1.8,0,0,0,0,49.97,233.8,1.6,238.8,1.6,231.6,1.6,110,1,,
123456789B987654,2023-01-02 10:56:40,1000,4,0.5,26.8,318,1.8,318.4,1.8,0,0,0,0,49.99,233.5,1.5,238.2,1.5,230.6,1.5,110,1,,
123456789B987654,2023-01-02 10:51:40,780,4,0.4,26.4,314.6,1.5,314.2,1.4,0,0,0,0,49.99,233.1,1.3,236.9,1.3,230.8,1.3,110,1,,
123456789B987654,2023-01-02 10:46:40,380,4,0.3,26,306.3,0.8,307,0.8,0,0,0,0,49.98,231.7,0.9,237.4,0.9,228.2,0.9,110,1,,
123456789B987654,2023-01-02 10:41:40,390,4,0.3,26.4,307.1,0.8,310.5,0.8,0,0,0,0,49.99,230.8,0.9,237.2,0.9,229.3,0.9,110,1,,
123456789B987654,2023-01-02 10:36:40,350,4,0.3,25.3,307.2,0.8,302.7,0.7,0,0,0,0,49.98,228.4,0.9,235.6,0.8,229.2,0.9,110,1,,
123456789B987654,2023-01-02 10:31:40,460,4,0.2,26.5,299.4,1,310.5,0.9,0,0,0,0,49.97,230.1,1,234.9,1,230.4,1,110,1,,
123456789B987654,2023-01-02 10:26:40,270,4,0.2,25.8,303.8,0.6,305,0.6,0,0,0,0,49.99,229.2,0.8,236.4,0.8,230.7,0.8,110,1,,
123456789B987654,2023-01-02 10:21:40,260,4,0.2,25.8,303.7,0.6,308.6,0.6,0,0,0,0,50,228.7,0.8,235.5,0.8,228.1,0.8,110,1,,
123456789B987654,2023-01-02 10:16:40,310,4,0.2,25,308.1,0.7,304.7,0.7,0,0,0,0,49.98,230.5,0.8,238.9,0.8,232.7,0.8,110,1,,
123456789B987654,2023-01-02 10:11:40,260,4,0.1,25.5,303.9,0.6,308.9,0.6,0,0,0,0,50.01,229,0.8,237.6,0.8,231.6,0.8,110,1,,
123456789B987654,2023-01-02 10:06:40,210,4,0.1,24.5,300,0.5,304.9,0.5,0,0,0,0,49.99,227.5,0.7,238.5,0.7,231.6,0.7,110,1,,
123456789B987654,2023-01-02 10:01:40,160,4,0.1,23.9,304.1,0.4,304.1,0.4,0,0,0,0,49.98,228.3,0.7,239.2,0.7,231,0.7,110,1,,
123456789B987654,2023-01-02 09:56:40,160,4,0.1,23.9,302.5,0.4,299.3,0.4,0,0,0,0,49.97,228.3,0.7,239.4,0.7,232,0.7,110,1,,
123456789B987654,2023-01-02 09:51:40,110,4,0.1,24.7,302.4,0.4,299,0.3,0,0,0,0,49.97,225.4,0.7,237.5,0.7,229.7,0.7,110,1,,
123456789B987654,2023-01-02 09:46:40,60,4,0.1,23.5,299.1,0.3,303.2,0.3,0,0,0,0,49.96,228.1,0.7,239.5,0.7,230.5,0.7,110,1,,
123456789B987654,2023-01-02 09:41:40,70,4,0.1,23.4,307.5,0.3,295.2,0.3,0,0,0,0,49.98,226.5,0.7,237.5,0.6,228.4,0.7,110,1,,
123456789B987654,2023-01-02 09:36:40,90,4,0.1,24.1,302.5,0.3,298.9,0.3,0,0,0,0,49.96,225.5,0.7,237.4,0.7,227.7,0.7,110,1,,
123456789B987654,2023-01-02 09:31:40,150,4,0.1,23.3,298.6,0.4,310.8,0.4,0,0,0,0,49.96,226.5,0.7,237.5,0.7,228.7,0.7,110,1,,
123456789B987654,2023-01-02 09:26:40,190,4,0,22.9,304.1,0.5,306.7,0.5,0,0,0,0,49.99,226.9,0.8,235.8,0.7,229.2,0.8,110,1,,
123456789B987654,2023-01-02 09:21:40,210,4,0,22.5,300.4,0.5,299,0.5,0,0,0,0,49.99,225.6,0.7,238.1,0.7,228.8,0.7,110,1,,
123456789B987654,2023-01-02 09:16:40,140,4,0,22.7,299.8,0.4,302.8,0.4,0,0,0,0,49.98,223.7,0.7,233.7,0.7,227.2,0.7,110,1,,
123456789B987654,2023-01-02 09:11:40,70,4,0,21.6,300.5,0.3,295,0.3,0,0,0,0,49.98,225.5,0.7,234.1,0.6,227.1,0.7,110,1,,
123456789B987654,2023-01-02 09:06:40,30,4,0,21.8,300.6,0.2,306.8,0.2,0,0,0,0,49.99,224.1,0.7,235.6,0.6,227.9,0.7,110,1,,
123456789B987654,2023-01-02 09:01:40,20,4,0,21.4,292.4,0.2,298.6,0.2,0,0,0,0,50.01,226.7,0.7,236.1,0.6,228.2,0.7,110,1,,
123456789B987654,2023-01-02 08:56:40,20,4,0,20.2,248.2,0.2,255.7,0.2,0,0,0,0,49.98,226.4,0,235.2,0.1,228.4,0,110,1,,
123456789B987654,2023-01-01 17:00:08,20,4,2.5,25.2,153.1,0.1,141.4,0.1,0,0,0,0,49.98,227.4,0.7,231.6,0.7,224.5,0.7,110,1,,
123456789B987654,2023-01-01 16:55:08,20,4,2.5,25.3,164.8,0.1,160.6,0.1,0,0,0,0,49.96,225.2,0.7,232.2,0.7,223.3,0.7,110,1,,
123456789B987654,2023-01-01 16:50:08,20,4,2.5,25.4,195.6,0.1,192.8,0.1,0,0,0,0,49.97,226.5,0.7,234.1,0.7,225.8,0.7,110,1,,
123456789B987654,2023-01-01 16:45:08,20,4,2.5,25.4,255.1,0.1,202.4,0.1,0,0,0,0,49.97,225.8,0.7,233.3,0.7,223.1,0.8,110,1,,
123456789B987654,2023-01-01 16:40:08,20,4,2.5,25.2,214.9,0.1,214,0.1,0,0,0,0,49.97,226.9,0.7,234.4,0.7,224.1,0.7,110,1,,
123456789B987654,2023-01-01 16:35:08,20,4,2.5,25.2,225,0.1,221.4,0.2,0,0,0,0,49.98,227.1,0.7,233.5,0.7,224.5,0.7,110,1,,
123456789B987654,2023-01-01 16:30:08,20,4,2.5,25.2,229.1,0.2,229.3,0.2,0,0,0,0,50,227,0.7,232.8,0.7,226.3,0.7,110,1,,
123456789B987654,2023-01-01 16:25:08,20,4,2.5,25.2,237.5,0.2,291,0.1,0,0,0,0,50.01,225.4,0.7,230.1,0.7,226.7,0.7,110,1,,
123456789B987654,2023-01-01 16:20:08,20,4,2.5,25.7,239.1,0.2,239.1,0.2,0,0,0,0,50.01,225.6,0.7,229.4,0.7,226.2,0.7,110,1,,
123456789B987654,2023-01-01 16:15:08,20,4,2.5,25.5,296.1,0.2,292.6,0.2,0,0,0,0,50,223.6,0.7,229,0.7,224.2,0.7,110,1,,
123456789B987654,2023-01-01 16:10:08,20,4,2.5,26.4,291.8,0.2,292.3,0.2,0,0,0,0,50.01,223,0.7,230.1,0.7,224.1,0.7,110,1,,
123456789B987654,2023-01-01 16:05:08,20,4,2.5,26.4,290.3,0.2,290.6,0.2,0,0,0,0,50.04,223.2,0.7,230.7,0.7,225.5,0.7,110,1,,
123456789B987654,2023-01-01 16:00:08,40,4,2.5,26.2,298.1,0.2,298.4,0.2,0,0,0,0,50.02,223.8,0.7,230.4,0.7,225.9,0.7,110,1,,
123456789B987654,2023-01-01 15:55:08,30,4,2.5,26.4,298.2,0.2,306.5,0.2,0,0,0,0,49.99,223.6,0.7,232.2,0.7,227.9,0.7,110,1,,
123456789B987654,2023-01-01 15:50:08,60,4,2.5,25.7,298,0.3,298.4,0.3,0,0,0,0,50,224.9,0.7,233,0.7,226.1,0.7,110,1,,
123456789B987654,2023-01-01 15:45:08,60,4,2.5,25.8,298,0.3,298.4,0.3,0,0,0,0,49.98,224,0.7,232.9,0.7,227.4,0.7,110,1,,
123456789B987654,2023-01-01 15:40:08,70,4,2.5,25.8,298.1,0.3,302.5,0.3,0,0,0,0,49.97,223.9,0.7,233.1,0.7,226.2,0.7,110,1,,
123456789B987654,2023-01-01 15:35:08,70,4,2.4,26.2,302.1,0.3,306.5,0.3,0,0,0,0,50.01,224.4,0.7,232.8,0.7,224.2,0.7,110,1,,
123456789B987654,2023-01-01 15:30:08,100,4,2.4,26.9,297.7,0.3,294.2,0.3,0,0,0,0,50,223,0.7,233.7,0.6,221.9,0.7,110,1,,
123456789B987654,2023-01-01 15:25:08,90,4,2.4,26.8,297.7,0.3,302.4,0.3,0,0,0,0,50.02,222.3,0.7,232.4,0.7,224.2,0.7,110,1,,
123456789B987654,2023-01-01 15:20:08,80,4,2.4,26.4,294,0.3,298.6,0.3,0,0,0,0,50.03,220.4,0.7,234.2,0.7,223.7,0.7,110,1,,
123456789B987654,2023-01-01 15:15:08,70,4,2.4,26.2,294.1,0.3,298.4,0.3,0,0,0,0,50.04,222.8,0.7,232.5,0.7,223.7,0.7,110,1,,
123456789B987654,2023-01-01 15:10:08,50,4,2.4,26,281.9,0.3,294.4,0.2,0,0,0,0,50.02,220.4,0.7,231.6,0.7,225.5,0.7,110,1,,
123456789B987654,2023-01-01 15:05:08,40,4,2.4,26.4,296,0.3,300.3,0.2,0,0,0,0,50.05,223.3,0.7,232.2,0.7,225.2,0.7,110,1,,
123456789B987654,2023-01-01 15:00:08,90,4,2.4,27.3,295.8,0.3,300.4,0.3,0,0,0,0,49.99,224.2,0.7,231.8,0.7,224.1,0.7,110,1,,
123456789B987654,2023-01-01 14:55:08,160,4,2.4,26.4,296,0.5,304.6,0.4,0,0,0,0,49.97,226.5,0.7,234,0.7,226.5,0.7,110,1,,
123456789B987654,2023-01-01 14:50:08,210,4,2.4,27.1,299.9,0.5,296.4,0.5,0,0,0,0,49.99,226.2,0.7,235.3,0.7,223.5,0.8,110,1,,
123456789B987654,2023-01-01 14:45:08,190,4,2.4,26.8,300.1,0.5,304.3,0.5,0,0,0,0,49.99,224.7,0.7,234.9,0.7,225.1,0.7,110,1,,
123456789B987654,2023-01-01 14:40:08,290,4,2.3,27.4,303.6,0.6,300.7,0.6,0,0,0,0,49.97,223.6,0.8,235.1,0.7,224.9,0.8,110,1,,
123456789B987654,2023-01-01 14:35:08,320,4,2.3,26.9,305.7,0.7,298.4,0.7,0,0,0,0,49.98,223.9,0.8,233.7,0.8,225.8,0.8,110,1,,
123456789B987654,2023-01-01 14:30:08,330,4,2.3,27,301.8,0.7,290.5,0.7,0,0,0,0,49.97,223.8,0.8,235.6,0.8,226,0.8,110,1,,
123456789B987654,2023-01-01 14:25:08,400,4,2.3,28.2,302,0.9,306.3,0.8,0,0,0,0,49.99,224.6,0.9,234.2,0.9,225.3,0.9,110,1,,
123456789B987654,2023-01-01 14:20:08,320,3,2.2,27.1,293.9,0.7,302.4,0.7,0,0,0,0,50.01,224.3,0.8,233.9,0.8,227.3,0.8,110,1,,
123456789B987654,2023-01-01 14:15:08,400,3,2.2,28.3,297.8,0.9,298.2,0.8,0,0,0,0,50.02,223.5,0.9,234.3,0.9,227.9,0.9,110,1,,
123456789B987654,2023-01-01 14:10:08,320,3,2.2,27.2,297.7,0.7,298.5,0.7,0,0,0,0,50.01,223.1,0.8,233.5,0.8,228.2,0.8,110,1,,
123456789B987654,2023-01-01 14:05:08,390,3,2.1,28.3,297.9,0.8,302.5,0.8,0,0,0,0,50.04,225.5,0.9,232.9,0.8,228.9,0.8,110,1,,
123456789B987654,2023-01-01 14:00:08,370,3,2.1,28,294.1,0.8,302.4,0.8,0,0,0,0,50,225.1,0.9,232.9,0.8,227.7,0.9,110,1,,
123456789B987654,2023-01-01 13:55:08,360,3,2.1,27.6,302.4,0.8,298.3,0.8,0,0,0,0,49.99,225.8,0.8,233.3,0.8,227.5,0.8,110,1,,
123456789B987654,2023-01-01 13:50:08,300,3,2.1,27.7,302.1,0.7,294.4,0.7,0,0,0,0,49.99,225.8,0.8,234,0.8,225.9,0.8,110,1,,
123456789B987654,2023-01-01 13:45:08,410,3,2,29,305.7,0.9,302.3,0.8,0,0,0,0,49.99,223,0.9,234.1,0.8,225.8,0.9,110,1,,
123456789B987654,2023-01-01 13:40:08,540,3,2,28,301.9,1.1,302.2,1.1,0,0,0,0,50,224.6,1,233.7,1,225.4,1,110,1,,
123456789B987654,2023-01-01 13:35:08,640,3,1.9,29,312.4,1.2,308.5,1.2,0,0,0,0,50,224.5,1.1,236,1.1,229.1,1.1,110,1,,
123456789B987654,2023-01-01 13:30:08,530,3,1.9,28.1,303.7,1.1,296.6,1.1,0,0,0,0,50,226.7,1,234.2,1,226.5,1,110,1,,
123456789B987654,2023-01-01 13:25:08,580,3,1.8,28.5,304.1,1.2,308.6,1.1,0,0,0,0,50.01,227.8,1.1,232.6,1.1,226.9,1.1,110,1,,
123456789B987654,2023-01-01 13:20:08,680,3,1.8,29.7,304.1,1.3,307.5,1.3,0,0,0,0,50.01,226,1.2,232.3,1.2,222.3,1.2,110,1,,
123456789B987654,2023-01-01 13:15:08,660,3,1.7,29.6,308.1,1.3,304.3,1.2,0,0,0,0,50.02,224.3,1.1,231.9,1.1,225.8,1.1,110,1,,
123456789B987654,2023-01-01 13:10:08,630,3,1.7,29.3,303.6,1.2,308.3,1.2,0,0,0,0,50,224.5,1.1,230.8,1.1,225.2,1.1,110,1,,
123456789B987654,2023-01-01 13:05:08,550,3,1.6,29.1,283.3,1.3,333.1,0.9,0,0,0,0,50,223.8,1,230.6,1,225.4,1,110,1,,
123456789B987654,2023-01-01 13:00:08,740,3,1.6,29,301.8,1.4,306.5,1.4,0,0,0,0,50.01,225.3,1.2,230.8,1.2,224.9,1.3,110,1,,
123456789B987654,2023-01-01 12:55:08,780,3,1.5,28.8,317.9,1.4,310.3,1.4,0,0,0,0,50.02,225.1,1.3,232.4,1.3,225.7,1.3,110,1,,
123456789B987654,2023-01-01 12:50:08,810,3,1.5,28.7,309.7,1.5,310.1,1.5,0,0,0,0,50.02,226.1,1.3,229.7,1.3,224.9,1.4,110,1,,
123456789B987654,2023-01-01 12:45:08,830,3,1.4,28.5,305.4,1.6,302.2,1.5,0,0,0,0,50,226.9,1.4,230.4,1.4,226.2,1.4,110,1,,
123456789B987654,2023-01-01 12:40:08,760,3,1.3,28.5,314.1,1.4,306.3,1.4,0,0,0,0,50,225.4,1.3,230.1,1.3,225.6,1.3,110,1,,
123456789B987654,2023-01-01 12:35:08,570,3,1.3,28.5,310.2,1.1,298.2,1.1,0,0,0,0,49.96,223.3,1.1,228.1,1,224,1.1,110,1,,
123456789B987654,2023-01-01 12:30:08,690,2,1.2,29.8,309.8,1.3,290.3,1.3,0,0,0,0,49.98,222.7,1.2,229,1.2,225.6,1.2,110,1,,
123456789B987654,2023-01-01 12:25:08,820,2,1.1,28.5,305.7,1.5,310.2,1.5,0,0,0,0,49.98,223.9,1.4,231.6,1.3,225.6,1.3,110,1,,
123456789B987654,2023-01-01 12:20:08,830,2,1.1,28.3,310,1.6,306.5,1.5,0,0,0,0,50,224.9,1.4,230.9,1.3,226.7,1.4,110,1,,
123456789B987654,2023-01-01 12:15:08,870,2,1,28.1,310.1,1.6,310.6,1.6,0,0,0,0,50,226.8,1.4,232,1.4,227,1.4,110,1,,
123456789B987654,2023-01-01 12:10:08,810,2,0.9,27.9,310,1.5,306.6,1.5,0,0,0,0,50.02,226.4,1.3,232,1.3,226.9,1.3,110,1,,
123456789B987654,2023-01-01 12:05:08,740,2,0.9,28,310,1.4,310.2,1.4,0,0,0,0,50.03,226.1,1.3,231.4,1.2,226.1,1.3,110,1,,
123456789B987654,2023-01-01 12:00:08,680,2,0.8,28.7,307.8,1.3,304.5,1.3,0,0,0,0,49.98,225,1.2,234,1.2,227.6,1.2,110,1,,
123456789B987654,2023-01-01 11:55:07,740,2,0.8,27.8,308.1,1.4,304.4,1.4,0,0,0,0,49.96,224.2,1.3,235.1,1.2,229.5,1.2,110,1,,
123456789B987654,2023-01-01 11:50:08,750,2,0.7,27.3,311.9,1.4,312.4,1.4,0,0,0,0,49.99,223.3,1.2,230.8,1.2,228.1,1.2,110,1,,
123456789B987654,2023-01-01 11:45:08,580,2,0.6,27,303.9,1.1,304.3,1.1,0,0,0,0,49.99,225.2,1,228.6,1,228.6,1,110,1,,
123456789B987654,2023-01-01 11:40:07,590,2,0.6,27.2,303.7,1.2,304.3,1.1,0,0,0,0,49.98,225.4,1.1,231.3,1.1,228,1.1,110,1,,
123456789B987654,2023-01-01 11:35:08,610,2,0.5,27.2,307.7,1.2,308,1.2,0,0,0,0,49.98,227.1,1.1,232.2,1.1,227.9,1.1,110,1,,
123456789B987654,2023-01-01 11:30:07,590,2,0.5,26.8,305.9,1.2,302.3,1.1,0,0,0,0,49.99,228.6,1,232.3,1,227.4,1,110,1,,
123456789B987654,2023-01-01 11:25:08,600,2,0.4,26.7,305.7,1.2,306.4,1.1,0,0,0,0,50,229.4,1.1,229.7,1.1,226.4,1.1,110,1,,
123456789B987654,2023-01-01 11:20:08,520,2,0.4,26.2,306,1,298.2,1,0,0,0,0,49.99,229.3,1,233.1,1,228.7,1,110,1,,
123456789B987654,2023-01-01 11:15:07,400,2,0.4,26.6,305.9,0.8,302.6,0.8,0,0,0,0,49.95,228.5,0.8,232.7,0.9,228.8,0.8,110,1,,
123456789B987654,2023-01-01 11:10:08,360,2,0.3,25.4,305.9,0.8,302.2,0.8,0,0,0,0,49.93,228.9,0.8,231.5,0.8,228.7,0.8,110,1,,
123456789B987654,2023-01-01 11:05:08,350,2,0.3,25.2,297.8,0.8,310.3,0.7,0,0,0,0,49.92,227.7,0.8,231.7,0.8,229.9,0.8,110,1,,
123456789B987654,2023-01-01 11:00:07,340,2,0.3,25.2,305.6,0.7,302.4,0.7,0,0,0,0,49.94,227.5,0.7,233.2,0.7,229.2,0.7,110,1,,
123456789B987654,2023-01-01 10:55:08,270,1,0.2,26,305.8,0.6,298.5,0.6,0,0,0,0,49.95,228.4,0.7,233.5,0.7,228.9,0.7,110,1,,
123456789B987654,2023-01-01 10:50:08,310,1,0.2,25.1,302.2,0.7,302.4,0.7,0,0,0,0,49.95,228.2,0.7,232.9,0.7,229.7,0.7,110,1,,
123456789B987654,2023-01-01 10:45:07,370,1,0.2,24.7,306.2,0.8,306.3,0.8,0,0,0,0,49.96,228.2,0.8,234,0.8,230.5,0.8,110,1,,
123456789B987654,2023-01-01 10:40:08,240,1,0.2,25.6,305.7,0.6,302.2,0.6,0,0,0,0,49.97,227,0.7,232.6,0.7,230.2,0.7,110,1,,
123456789B987654,2023-01-01 10:35:08,250,1,0.1,25.5,306,0.6,306.3,0.6,0,0,0,0,49.97,226.5,0.7,233.2,0.7,229.8,0.7,110,1,,
123456789B987654,2023-01-01 10:30:07,320,1,0.1,24.3,299.7,0.7,304.3,0.7,0,0,0,0,49.96,228.7,0.8,233,0.8,231.3,0.8,110,1,,
123456789B987654,2023-01-01 10:25:08,320,1,0.1,23.9,295.9,0.7,304.4,0.7,0,0,0,0,49.96,228.6,0.7,234.5,0.7,228.6,0.8,110,1,,
123456789B987654,2023-01-01 10:20:07,220,1,0.1,24.1,303.9,0.5,308.4,0.5,0,0,0,0,49.95,228.7,0.6,234.7,0.6,229.8,0.6,110,1,,
123456789B987654,2023-01-01 10:15:07,160,1,0.1,23,295.9,0.5,292.4,0.4,0,0,0,0,49.95,227.7,0.6,236,0.6,229,0.6,110,1,,
123456789B987654,2023-01-01 10:10:08,20,1,0,23.4,295.7,0.2,310.5,0.1,0,0,0,0,49.94,227.8,0.6,234.3,0.6,227.7,0.6,110,1,,
123456789B987654,2023-01-01 10:05:07,20,1,0,23.4,292,0.2,252.8,0.2,0,0,0,0,49.94,227.2,0.6,235.2,0.5,228.1,0.6,110,1,,
123456789B987654,2023-01-01 10:00:07,20,1,0,22.8,298.1,0.2,292.7,0.2,0,0,0,0,49.99,226.5,0.6,234.7,0.6,229.5,0.6,110,1,,
123456789B987654,2023-01-01 09:55:08,20,1,0,22.3,298.1,0.2,292.9,0.2,0,0,0,0,50.01,228.3,0.6,235.3,0.6,228.2,0.6,110,1,,
123456789B987654,2023-01-01 09:50:07,40,1,0,22.7,297.9,0.2,296.8,0.2,0,0,0,0,50.01,228.7,0.6,236.1,0.6,228.7,0.6,110,1,,
123456789B987654,2023-01-01 09:45:08,40,1,0,22,293.7,0.2,304.7,0.2,0,0,0,0,50.01,227,0.6,236.4,0.5,229.9,0.6,110,1,,
123456789B987654,2023-01-01 09:40:07,70,1,0,21,301.8,0.3,298.4,0.3,0,0,0,0,50.01,228.8,0.6,236.4,0.6,228.1,0.6,110,1,,
123456789B987654,2023-01-01 09:35:07,40,1,0,21,293.8,0.2,278.6,0.2,0,0,0,0,50,229.4,0.5,235.7,0.6,227.3,0.6,110,1,,
123456789B987654,2022-12-31 17:04:43,20,1,1.7,25.4,155.1,0.1,149.3,0.1,0,0,0,0,49.99,221.3,0.7,229.5,0.6,220.6,0.7,110,1,,
123456789B987654,2022-12-31 16:59:42,20,1,1.7,25.5,167.7,0.1,163.6,0.1,0,0,0,0,50.01,219.8,0.7,232.9,0.7,220.8,0.7,110,1,,
123456789B987654,2022-12-31 16:54:43,20,1,1.7,25.6,199.9,0.1,198.6,0.2,0,0,0,0,49.97,221.5,0.7,231.6,0.7,221.9,0.7,110,1,,
123456789B987654,2022-12-31 16:49:43,20,1,1.7,25.4,209.7,0.2,209,0.2,0,0,0,0,49.97,220.5,0.7,232.4,0.6,222.8,0.7,110,1,,
123456789B987654,2022-12-31 16:44:42,20,1,1.7,25.4,223.6,0.2,223.7,0.2,0,0,0,0,49.94,220.2,0.7,230.3,0.7,224.4,0.7,110,1,,
123456789B987654,2022-12-31 16:39:43,20,1,1.7,25.3,228.7,0.2,228.3,0.2,0,0,0,0,49.96,221.9,0.7,229.9,0.6,222.8,0.7,110,1,,
123456789B987654,2022-12-31 16:34:43,20,1,1.7,25.5,235.7,0.2,279.7,0.2,0,0,0,0,49.97,224.9,0.7,232.3,0.7,223.8,0.7,110,1,,
123456789B987654,2022-12-31 16:29:42,20,1,1.7,25.4,293.3,0.2,287.8,0.2,0,0,0,0,49.95,224.8,0.7,233.8,0.6,225,0.7,110,1,,
123456789B987654,2022-12-31 16:24:43,20,1,1.7,26,289.2,0.2,299.8,0.2,0,0,0,0,49.95,223.8,0.7,232.8,0.6,225.6,0.7,110,1,,
123456789B987654,2022-12-31 16:19:42,20,1,1.7,26.5,293.2,0.2,299.9,0.2,0,0,0,0,49.97,224.2,0.7,233.9,0.7,225.7,0.7,110,1,,
123456789B987654,2022-12-31 16:14:42,20,1,1.7,26.6,289.4,0.2,291.9,0.2,0,0,0,0,49.97,225.8,0.7,234.4,0.6,226.7,0.7,110,1,,
123456789B987654,2022-12-31 16:09:43,40,1,1.7,25.6,276.9,0.3,275.6,0.3,0,0,0,0,49.97,225.5,0.7,232.2,0.7,226.9,0.7,110,1,,
123456789B987654,2022-12-31 16:04:42,70,1,1.7,25.9,295.3,0.3,289.7,0.3,0,0,0,0,49.99,225,0.7,233.1,0.7,227.7,0.7,110,1,,
123456789B987654,2022-12-31 15:59:43,90,1,1.7,26.6,291.1,0.4,289.6,0.3,0,0,0,0,50,225,0.7,235.4,0.7,228.7,0.7,110,1,,
123456789B987654,2022-12-31 15:54:43,100,1,1.7,26.8,287.2,0.4,297.8,0.3,0,0,0,0,49.97,225.7,0.7,233.7,0.7,228.1,0.7,110,1,,
123456789B987654,2022-12-31 15:49:42,100,1,1.7,26.7,307,0.3,301.8,0.4,0,0,0,0,49.96,226.5,0.7,232.8,0.7,228.8,0.7,110,1,,
123456789B987654,2022-12-31 15:44:43,110,1,1.7,26.8,299.5,0.4,293.8,0.4,0,0,0,0,49.97,227.2,0.7,233,0.7,227.3,0.7,110,1,,
123456789B987654,2022-12-31 15:39:43,110,1,1.7,26.9,307.1,0.4,305.7,0.3,0,0,0,0,49.98,227.4,0.7,232.8,0.7,225.7,0.7,110,1,,
123456789B987654,2022-12-31 15:34:42,200,1,1.6,26,301.1,0.5,299.7,0.5,0,0,0,0,50,225.9,0.8,234.9,0.7,228,0.8,110,1,,
123456789B987654,2022-12-31 15:29:43,220,1,1.6,26.8,297.3,0.6,299.8,0.5,0,0,0,0,50.01,228.3,0.7,233.5,0.7,228.2,0.8,110,1,,
123456789B987654,2022-12-31 15:24:43,180,1,1.6,25.9,289,0.5,303.9,0.5,0,0,0,0,49.97,227.4,0.7,233.1,0.7,227.2,0.7,110,1,,
123456789B987654,2022-12-31 15:19:42,170,1,1.6,25.8,297.1,0.5,291.8,0.5,0,0,0,0,49.97,228.1,0.7,233.7,0.7,226.3,0.7,110,1,,
123456789B987654,2022-12-31 15:14:43,170,1,1.6,25.9,297.4,0.5,299.8,0.5,0,0,0,0,49.98,225.7,0.7,234.4,0.7,226.7,0.7,110,1,,
123456789B987654,2022-12-31 15:09:42,220,1,1.6,26.4,297,0.5,287.8,0.5,0,0,0,0,49.98,226.3,0.8,234.1,0.7,228.7,0.8,110,1,,
123456789B987654,2022-12-31 15:04:42,300,1,1.5,26.2,293.5,0.7,295.8,0.7,0,0,0,0,49.97,226,0.8,234.6,0.8,228.7,0.8,110,1,,
123456789B987654,2022-12-31 14:59:42,250,1,1.5,26.9,289.3,0.6,287.8,0.6,0,0,0,0,49.97,226.1,0.7,233.8,0.7,227.9,0.7,110,1,,
123456789B987654,2022-12-31 14:54:42,230,1,1.5,27.2,292.9,0.6,295.7,0.6,0,0,0,0,49.95,225.9,0.7,231.6,0.7,228.9,0.7,110,1,,
123456789B987654,2022-12-31 14:49:42,290,1,1.5,26.5,289.3,0.7,295.9,0.7,0,0,0,0,49.97,226.2,0.8,230.6,0.8,229.7,0.8,110,1,,
123456789B987654,2022-12-31 14:44:42,260,1,1.5,26.9,297.1,0.6,295.9,0.6,0,0,0,0,49.96,225.8,0.7,230.4,0.7,226.9,0.7,110,1,,
123456789B987654,2022-12-31 14:39:42,250,1,1.4,27.1,297.1,0.6,295.7,0.6,0,0,0,0,49.96,225.8,0.7,229.8,0.7,226.4,0.8,110,1,,
123456789B987654,2022-12-31 14:34:43,280,1,1.4,26.6,295,0.7,289.6,0.6,0,0,0,0,49.98,223.6,0.8,228.6,0.8,227.9,0.8,110,1,,
123456789B987654,2022-12-31 14:29:42,220,1,1.4,27.4,291,0.6,301.9,0.5,0,0,0,0,49.96,223,0.7,229.7,0.7,225.6,0.7,110,1,,
123456789B987654,2022-12-31 14:24:42,370,1,1.4,27.2,299.2,0.8,293.9,0.8,0,0,0,0,49.98,221.2,0.9,233.2,0.8,223.9,0.9,110,1,,
123456789B987654,2022-12-31 14:19:43,450,1,1.3,27.5,299.2,1,293.6,0.9,0,0,0,0,49.98,221.7,0.9,233.1,0.9,227.1,0.9,110,1,,
123456789B987654,2022-12-31 14:14:42,260,1,1.3,27,295.2,0.6,289.8,0.6,0,0,0,0,49.99,223.6,0.8,233.9,0.7,227,0.8,110,1,,
123456789B987654,2022-12-31 14:09:42,450,1,1.3,27.7,299.2,1,297.4,0.9,0,0,0,0,49.97,225.6,1,234.3,0.9,227.2,1,110,1,,
123456789B987654,2022-12-31 14:04:42,510,1,1.2,26.4,293.1,1.1,299.9,1,0,0,0,0,49.97,221.5,1,237.2,0.9,228.2,1,110,1,,
123456789B987654,2022-12-31 13:59:42,480,1,1.2,27.2,305,1,299.9,1,0,0,0,0,49.98,222.8,1,235.8,0.9,228.1,0.9,110,1,,
123456789B987654,2022-12-31 13:54:42,400,1,1.2,27.3,301.3,0.9,295.7,0.9,0,0,0,0,49.97,224.7,0.9,232.4,0.9,228.7,0.9,110,1,,
123456789B987654,2022-12-31 13:49:42,440,1,1.1,27.4,297.1,0.9,291.3,0.9,0,0,0,0,49.97,223.7,0.9,234,0.8,227.1,0.9,110,1,,
123456789B987654,2022-12-31 13:44:42,380,1,1.1,26.8,297,0.8,307.6,0.8,0,0,0,0,49.98,225.9,0.8,233.9,0.8,225.7,0.9,110,1,,
123456789B987654,2022-12-31 13:39:42,270,1,1.1,26.4,296.9,0.7,303.8,0.6,0,0,0,0,49.97,222.9,0.9,232.9,0.8,226.4,0.9,110,1,,
123456789B987654,2022-12-31 13:34:42,290,1,1,26.2,304.9,0.7,295.7,0.7,0,0,0,0,49.98,223.5,0.8,230.3,0.8,227.9,0.8,110,1,,
123456789B987654,2022-12-31 13:29:42,420,1,1,27.1,301.1,0.9,295.7,0.9,0,0,0,0,50,221.4,0.9,232.3,0.8,228.7,0.8,110,1,,
123456789B987654,2022-12-31 13:24:42,280,1,1,26.1,305.1,0.7,299.7,0.6,0,0,0,0,49.98,222,0.8,233.8,0.7,226.7,0.8,110,1,,
123456789B987654,2022-12-31 13:19:42,110,1,1,26.6,297.3,0.4,299.7,0.4,0,0,0,0,49.98,222.3,0.7,234.1,0.6,225.3,0.7,110,1,,
123456789B987654,2022-12-31 13:14:42,110,0,0.9,26.6,285.1,0.4,295.9,0.3,0,0,0,0,49.99,223.1,0.7,232.2,0.7,226.3,0.7,110,1,,
123456789B987654,2022-12-31 13:09:43,130,0,0.9,25.8,293.2,0.4,279.8,0.4,0,0,0,0,49.99,222.7,0.7,232.4,0.7,224,0.8,110,1,,
123456789B987654,2022-12-31 13:04:42,130,0,0.9,25.7,299.2,0.4,301.8,0.4,0,0,0,0,49.99,224.8,0.7,234.1,0.7,224.8,0.7,110,1,,
123456789B987654,2022-12-31 12:59:42,120,0,0.9,26,291.1,0.4,293.8,0.4,0,0,0,0,50,223.1,0.7,231.6,0.7,225.4,0.7,110,1,,
123456789B987654,2022-12-31 12:54:42,130,0,0.9,26,291.3,0.4,289.8,0.4,0,0,0,0,49.98,221.4,0.7,232.3,0.6,225,0.7,110,1,,
123456789B987654,2022-12-31 12:49:42,160,0,0.9,25.8,294.4,0.5,293.7,0.5,0,0,0,0,49.98,223,0.7,230.9,0.7,222.5,0.7,110,1,,
123456789B987654,2022-12-31 12:44:42,150,0,0.9,25.8,290.2,0.5,293.9,0.4,0,0,0,0,49.98,224.6,0.7,228.7,0.7,225.8,0.7,110,1,,
123456789B987654,2022-12-31 12:39:42,210,0,0.9,26.9,291.5,0.6,289.7,0.5,0,0,0,0,49.99,222.7,0.7,229.8,0.7,227.4,0.7,110,1,,
123456789B987654,2022-12-31 12:34:42,190,0,0.8,26.3,295.9,0.5,292.1,0.5,0,0,0,0,49.98,223.7,0.7,230.3,0.7,226.1,0.7,110,1,,
123456789B987654,2022-12-31 12:29:42,180,0,0.8,26.2,287.9,0.5,287.8,0.5,0,0,0,0,49.99,225.2,0.7,229.9,0.7,226.3,0.7,110,1,,
123456789B987654,2022-12-31 12:24:42,280,0,0.8,27,302.5,0.6,292,0.6,0,0,0,0,50,223.6,0.8,231.5,0.8,225,0.8,110,1,,
123456789B987654,2022-12-31 12:19:42,600,0,0.8,27.2,307.8,1.2,295.8,1.2,0,0,0,0,49.99,225.7,1.1,230.9,1,225,1.1,110,1,,
123456789B987654,2022-12-31 12:14:42,560,0,0.7,26.6,303.8,1.1,307.7,1.1,0,0,0,0,49.99,224.8,1,231.2,1,226.3,1,110,1,,
123456789B987654,2022-12-31 12:09:42,430,0,0.7,27.5,294.9,0.9,295.9,0.9,0,0,0,0,49.99,224.8,0.9,229.8,0.9,226.8,0.9,110,1,,
123456789B987654,2022-12-31 12:04:42,340,0,0.6,26.2,296.2,0.8,295.8,0.7,0,0,0,0,49.99,222.6,0.8,229.1,0.8,223.9,0.8,110,1,,
123456789B987654,2022-12-31 11:59:42,430,0,0.6,27.5,298.7,0.9,295.7,0.9,0,0,0,0,49.99,222.9,0.9,230.2,0.9,226.4,0.9,110,1,,
123456789B987654,2022-12-31 11:54:42,320,0,0.6,26.2,295.6,0.7,299.8,0.7,0,0,0,0,50,224.9,0.8,230,0.8,224.6,0.8,110,1,,
123456789B987654,2022-12-31 11:49:42,590,0,0.5,27.1,298.6,1.2,303.9,1.2,0,0,0,0,50,224.2,1.1,230.4,1.1,223.9,1.1,110,1,,
123456789B987654,2022-12-31 11:44:42,650,0,0.5,27.5,303.9,1.3,307.7,1.2,0,0,0,0,50.01,228.3,1.1,232.2,1.1,224.3,1.1,110,1,,
123456789B987654,2022-12-31 11:39:42,640,0,0.4,27.3,307.9,1.3,299.7,1.3,0,0,0,0,49.99,226.8,1.2,231.1,1.1,224.9,1.2,110,1,,
123456789B987654,2022-12-31 11:34:42,530,0,0.4,25.7,304.5,1.1,297.9,1.1,0,0,0,0,49.98,225.2,1,232.4,1,225.2,1,110,1,,
123456789B987654,2022-12-31 11:29:42,420,0,0.3,26.8,297.9,0.9,301.8,0.9,0,0,0,0,49.98,225.1,0.9,232,0.9,226.1,0.9,110,1,,
123456789B987654,2022-12-31 11:24:42,360,0,0.3,25.4,302.3,0.8,297.7,0.8,0,0,0,0,50,225.5,0.8,232.3,0.8,225.9,0.8,110,1,,
123456789B987654,2022-12-31 11:19:42,240,0,0.3,26.2,293.1,0.6,297.7,0.6,0,0,0,0,50,224.9,0.8,231.4,0.7,225.9,0.8,110,1,,
123456789B987654,2022-12-31 11:14:42,300,0,0.2,25.3,297.5,0.7,297.4,0.7,0,0,0,0,49.99,225.4,0.8,231.1,0.8,224.7,0.8,110,1,,
123456789B987654,2022-12-31 11:09:42,320,0,0.2,25,300.8,0.7,293.7,0.7,0,0,0,0,49.99,224.9,0.8,231,0.8,227,0.8,110,1,,
123456789B987654,2022-12-31 11:04:42,260,0,0.2,25.7,291,0.7,303.7,0.6,0,0,0,0,49.99,225.7,0.8,232.3,0.7,225.7,0.8,110,1,,
123456789B987654,2022-12-31 10:59:42,300,0,0.2,25.2,303.5,0.7,299.9,0.7,0,0,0,0,49.99,227.1,0.8,231.9,0.8,226.7,0.8,110,1,,
123456789B987654,2022-12-31 10:54:42,410,0,0.1,26,303.1,0.9,304,0.9,0,0,0,0,50.01,226.4,0.9,231.6,0.9,227.3,0.9,110,1,,
123456789B987654,2022-12-31 10:49:42,180,0,0.1,24.4,298.8,0.5,299.9,0.5,0,0,0,0,49.99,226.7,0.8,230.6,0.8,226.1,0.8,110,1,,
123456789B987654,2022-12-31 10:44:42,30,0,0.1,24.3,294.2,0.3,303.7,0.2,0,0,0,0,50.01,224.9,0.7,229.5,0.7,227.3,0.7,110,1,,
123456789B987654,2022-12-31 10:39:42,70,0,0.1,24.8,295.2,0.3,299.7,0.3,0,0,0,0,50.02,226.3,0.7,228.7,0.7,225.3,0.7,110,1,,
123456789B987654,2022-12-31 10:34:42,130,0,0.1,24.7,294.4,0.4,287.7,0.4,0,0,0,0,49.99,224.9,0.7,228.6,0.7,225.2,0.7,110,1,,
123456789B987654,2022-12-31 10:29:42,130,0,0.1,24.3,290.9,0.4,299.8,0.4,0,0,0,0,50.02,227.4,0.7,230.3,0.7,227.4,0.7,110,1,,
123456789B987654,2022-12-31 10:24:42,100,0,0.1,25.1,295,0.4,292.1,0.3,0,0,0,0,50.01,226.5,0.7,230.8,0.7,228.6,0.7,110,1,,
123456789B987654,2022-12-31 10:19:42,170,0,0.1,23.7,291.1,0.5,295.8,0.4,0,0,0,0,50.01,226.4,0.7,230.9,0.7,228,0.7,110,1,,
123456789B987654,2022-12-31 10:14:42,90,0,0.1,24.6,299.4,0.3,291.8,0.3,0,0,0,0,50,225.8,0.7,229.9,0.7,228.1,0.7,110,1,,
123456789B987654,2022-12-31 10:09:42,140,0,0,23.9,302.6,0.4,283.8,0.4,0,0,0,0,49.98,225.9,0.7,231.5,0.7,225.8,0.7,110,1,,
123456789B987654,2022-12-31 10:04:42,170,0,0,23.3,285,0.5,289.7,0.5,0,0,0,0,49.96,226.1,0.8,231.1,0.8,226.6,0.8,110,1,,
123456789B987654,2022-12-31 09:59:42,90,0,0,24.1,293.3,0.3,289.9,0.3,0,0,0,0,50,224.1,0.7,231.7,0.7,225.4,0.8,110,1,,
123456789B987654,2022-12-31 09:54:42,160,0,0,23,293.5,0.5,293.7,0.4,0,0,0,0,49.99,225.2,0.8,230.8,0.7,225.1,0.8,110,1,,
123456789B987654,2022-12-31 09:49:42,140,0,0,23.1,296.8,0.4,285.7,0.4,0,0,0,0,49.99,227.1,0.7,231.2,0.7,226.3,0.8,110,1,,
123456789B987654,2022-12-31 09:44:42,70,0,0,23.1,288.9,0.3,293.8,0.3,0,0,0,0,50,226.5,0.8,231.1,0.8,225.9,0.8,110,1,,
123456789B987654,2022-12-31 09:39:42,50,0,0,22.5,285.8,0.3,289.8,0.2,0,0,0,0,49.98,225.5,0.7,231.9,0.7,225.7,0.7,110,1,,
123456789B987654,2022-12-31 09:34:42,70,0,0,22.2,299.5,0.3,291.7,0.3,0,0,0,0,50,225.2,0.7,231.7,0.7,224.7,0.7,110,1,,
123456789B987654,2022-12-31 09:29:42,70,0,0,22,287.3,0.3,295.8,0.3,0,0,0,0,49.99,224.4,0.7,234.3,0.7,226.8,0.8,110,1,,
123456789B987654,2022-12-31 09:24:42,60,0,0,21.4,295.5,0.3,291.7,0.3,0,0,0,0,49.98,226.3,0.8,233.1,0.8,227.6,0.8,110,1,,
123456789B987654,2022-12-31 09:19:42,20,0,0,21.6,287.7,0.2,283.8,0.2,0,0,0,0,49.99,225.4,0.8,233,0.7,227.3,0.8,110,1,,
123456789B987654,2022-12-31 09:14:42,20,0,0,21.6,291.2,0.2,283.8,0.2,0,0,0,0,50,222.9,0.7,232.2,0.7,221.2,0.8,110,1,,
123456789B987654,2022-12-31 09:10:35,20,0,0,21.1,295.4,0.2,295.8,0.2,0,0,0,0,50,222.1,0.6,231.4,0.5,222.8,0.6,110,1,,
123456789B987654,2022-12-31 09:09:42,30,0,0,21,287,0.2,279.9,0.2,0,0,0,0,49.98,222.1,0.7,231.2,0.7,222.9,0.7,110,1,,
123456789B987654,2022-12-31 09:06:45,20,0,0,20.6,281.5,0.2,288,0.2,0,0,0,0,49.99,220.4,0.7,230.9,0.7,225,0.7,110,1,,
123456789B987654,2022-12-31 09:04:42,20,0,0,20,243.6,0.2,233.7,0.1,0,0,0,0,49.97,220.8,0,231.9,0.1,224.9,0,110,1,,
